board_name,source_image,md5,grid
img1,img1.png,3e97c306853ef20f4c4af5536f8ffa3c,"[[0, 0, 0, 0, 0, 0, 0, 0, 0, 0, 0, 0, 0, 0, 0], [0, 0, 0, 0, 0, 0, 0, 0, 0, 0, 0, 0, 0, 0, 0], [0, 0, 0, 0, 0, 0, 0, 0, 0, 0, 0, 0, 0, 0, 0], [0, 0, 0, 0, 0, 0, 8, 0, 0, 25, 0, 0, 0, 0, 0], [0, 0, 0, 0, 0, 0, 0, 7, 0, 23, 0, 12, 20, 0, 0], [0, 0, 0, 0, 0, 0, 0, 6, 3, 21, 11, 19, 22, 0, 0], [0, 0, 0, 0, 0, 0, 4, 2, 5, 15, 0, 0, 0, 0, 0], [0, 0, 0, 0, 0, 0, 0, 1, 17, 13, 0, 18, 0, 0, 0], [0, 0, 0, 0, 0, 0, 9, 0, 24, 16, 14, 0, 0, 0, 0], [0, 0, 0, 0, 0, 10, 0, 0, 0, 0, 0, 0, 0, 0, 0], [0, 0, 0, 0, 0, 0, 0, 0, 0, 0, 0, 0, 0, 0, 0], [0, 0, 0, 0, 0, 0, 0, 0, 0, 0, 0, 0, 0, 0, 0], [0, 0, 0, 0, 0, 0, 0, 0, 0, 0, 0, 0, 0, 0, 0], [0, 0, 0, 0, 0, 0, 0, 0, 0, 0, 0, 0, 0, 0, 0], [0, 0, 0, 0, 0, 0, 0, 0, 0, 0, 0, 0, 0, 0, 0]]"
下载 (1),下载 (1).png,f1d2ec351b55010d43fdd0d0ea5015e3,"[[0, 0, 0, 0, 0, 0, 0, 0, 0, 0, 0, 0, 0, 0, 0], [0, 0, 0, 0, 0, 0, 0, 0, 0, 0, 0, 0, 0, 0, 0], [0, 0, 0, 0, 0, 0, 0, 0, 0, 0, 0, 0, 0, 0, 0], [0, 0, 0, 0, 0, 0, 0, 0, 0, 0, 0, 0, 0, 0, 0], [0, 0, 0, 0, 0, 0, 0, 14, 8, 7, 0, 0, 0, 0, 0], [0, 0, 0, 0, 0, 0, 16, 13, 18, 4, 2, 5, 0, 0, 0], [0, 0, 0, 0, 0, 0, 12, 17, 11, 1, 9, 6, 0, 0, 0], [0, 0, 0, 0, 0, 0, 15, 20, 25, 10, 0, 0, 0, 0, 0], [0, 0, 0, 0, 0, 17, 22, 19, 21, 3, 0, 0, 0, 0, 0], [0, 0, 0, 0, 35, 36, 31, 33, 23, 34, 27, 0, 0, 0, 0], [0, 0, 0, 0, 0, 32, 0, 29, 26, 24, 0, 28, 0, 0, 0], [0, 0, 0, 0, 0, 0, 30, 0, 0, 0, 0, 0, 0, 0, 0], [0, 0, 0, 0, 0, 0, 0, 0, 0, 0, 0, 0, 0, 0, 0], [0, 0, 0, 0, 0, 0, 0, 0, 0, 0, 0, 0, 0, 0, 0], [0, 0, 0, 0, 0, 0, 0, 0, 0, 0, 0, 0, 0, 0, 0]]"
下载 (10),下载 (10).png,86897ed3516e0a8f6eb8b36f0f829a91,"[[0, 0, 0, 0, 0, 0, 0, 0, 0, 0, 0, 0, 0, 0, 0], [0, 0, 0, 0, 0, 0, 0, 0, 0, 0, 0, 0, 0, 0, 0], [0, 0, 0, 0, 0, 0, 0, 0, 0, 0, 0, 0, 0, 0, 0], [0, 0, 0, 0, 0, 0, 0, 0, 0, 0, 9, 0, 0, 0, 0], [0, 0, 0, 0, 0, 0, 0, 0, 36, 4, 0, 0, 0, 0, 0], [0, 0, 0, 0, 0, 0, 0, 7, 1, 2, 6, 0, 0, 0, 0], [0, 0, 0, 0, 0, 0, 38, 35, 8, 11, 13, 16, 0, 0, 0], [0, 0, 0, 0, 0, 39, 29, 22, 23, 10, 14, 12, 15, 0, 0], [0, 0, 0, 0, 41, 21, 0, 24, 3, 5, 18, 17, 0, 0, 0], [0, 0, 0, 0, 0, 0, 40, 0, 26, 19, 20, 0, 0, 0, 0], [0, 0, 0, 0, 0, 34, 0, 25, 31, 27, 32, 0, 0, 0, 0], [0, 0, 0, 0, 0, 0, 0, 0, 30, 28, 33, 0, 0, 0, 0], [0, 0, 0, 0, 0, 0, 0, 0, 0, 0, 0, 0, 0, 0, 0], [0, 0, 0, 0, 0, 0, 0, 0, 0, 0, 0, 0, 0, 0, 0], [0, 0, 0, 0, 0, 0, 0, 0, 0, 0, 0, 0, 0, 0, 0]]"
下载 (100),下载 (100).png,8573d31535e4ba4b49005eefe0f51545,"[[0, 0, 0, 0, 0, 0, 0, 0, 0, 0, 0, 0, 0, 0, 0], [0, 0, 0, 0, 0, 0, 0, 0, 26, 0, 0, 0, 0, 0, 0], [0, 0, 0, 0, 0, 0, 0, 0, 23, 0, 0, 0, 0, 0, 0], [0, 0, 0, 0, 0, 0, 0, 25, 0, 24, 16, 0, 0, 0, 0], [0, 0, 0, 0, 0, 0, 17, 19, 0, 21, 22, 15, 0, 18, 0], [0, 0, 0, 0, 0, 0, 0, 10, 0, 7, 5, 0, 0, 0, 0], [0, 0, 0, 0, 0, 20, 0, 9, 6, 0, 2, 11, 0, 0, 0], [0, 0, 0, 0, 0, 0, 13, 0, 0, 8, 0, 0, 12, 0, 0], [0, 0, 0, 0, 14, 0, 0, 0, 1, 3, 0, 0, 0, 0, 0], [0, 0, 0, 0, 0, 0, 0, 0, 4, 0, 0, 0, 0, 0, 0], [0, 0, 0, 0, 0, 0, 0, 0, 0, 0, 0, 0, 0, 0, 0], [0, 0, 0, 0, 0, 0, 0, 0, 0, 0, 0, 0, 0, 0, 0], [0, 0, 0, 0, 0, 0, 0, 0, 0, 0, 0, 0, 0, 0, 0], [0, 0, 0, 0, 0, 0, 0, 0, 0, 0, 0, 0, 0, 0, 0], [0, 0, 0, 0, 0, 0, 0, 0, 0, 0, 0, 0, 0, 0, 0]]"
下载 (12),下载 (12).png,ec49b318e32769d15614d2555681982a,"[[0, 0, 0, 0, 0, 0, 0, 0, 0, 0, 0, 0, 0, 0, 0], [0, 0, 0, 0, 0, 0, 0, 0, 0, 0, 0, 0, 0, 0, 0], [0, 0, 0, 0, 0, 0, 0, 0, 0, 0, 0, 0, 0, 0, 0], [0, 0, 0, 0, 0, 0, 0, 0, 0, 35, 0, 0, 0, 0, 0], [0, 0, 0, 0, 0, 0, 0, 0, 0, 0, 30, 0, 0, 0, 0], [0, 0, 0, 0, 0, 0, 8, 7, 0, 3, 10, 0, 0, 0, 0], [0, 0, 0, 0, 0, 15, 0, 2, 4, 5, 0, 0, 0, 0, 0], [0, 0, 0, 25, 24, 14, 16, 0, 1, 9, 6, 0, 32, 31, 0], [0, 0, 0, 0, 0, 23, 13, 0, 12, 0, 29, 21, 34, 33, 0], [0, 0, 0, 0, 22, 0, 0, 11, 27, 19, 0, 28, 0, 0, 0], [0, 0, 0, 0, 0, 0, 0, 17, 0, 20, 0, 0, 0, 0, 0], [0, 0, 0, 0, 0, 0, 0, 18, 0, 0, 26, 0, 0, 0, 0], [0, 0, 0, 0, 0, 0, 0, 0, 0, 0, 0, 0, 0, 0, 0], [0, 0, 0, 0, 0, 0, 0, 0, 0, 0, 0, 0, 0, 0, 0], [0, 0, 0, 0, 0, 0, 0, 0, 0, 0, 0, 0, 0, 0, 0]]"
下载 (13),下载 (13).png,fd9755f7da7c47cf9abe55b3613dc854,"[[0, 0, 0, 0, 0, 0, 0, 0, 0, 0, 0, 0, 0, 0, 0], [0, 0, 0, 0, 0, 0, 0, 0, 0, 0, 0, 0, 0, 0, 0], [0, 0, 0, 0, 0, 0, 13, 0, 0, 0, 0, 0, 0, 0, 0], [0, 0, 0, 0, 0, 0, 12, 0, 0, 0, 0, 0, 0, 0, 0], [0, 0, 0, 0, 0, 0, 10, 0, 20, 0, 0, 0, 0, 0, 0], [0, 0, 0, 0, 0, 8, 11, 9, 0, 18, 0, 0, 0, 0, 0], [0, 0, 0, 0, 16, 15, 7, 2, 3, 0, 0, 0, 0, 0, 0], [0, 0, 0, 0, 19, 14, 6, 1, 4, 27, 0, 0, 0, 0, 0], [0, 0, 0, 22, 21, 17, 0, 0, 0, 0, 0, 0, 0, 0, 0], [0, 0, 0, 26, 23, 25, 0, 5, 0, 0, 0, 0, 0, 0, 0], [0, 0, 0, 0, 0, 24, 0, 0, 0, 0, 0, 0, 0, 0, 0], [0, 0, 0, 0, 0, 0, 0, 0, 0, 0, 0, 0, 0, 0, 0], [0, 0, 0, 0, 0, 0, 0, 0, 0, 0, 0, 0, 0, 0, 0], [0, 0, 0, 0, 0, 0, 0, 0, 0, 0, 0, 0, 0, 0, 0], [0, 0, 0, 0, 0, 0, 0, 0, 0, 0, 0, 0, 0, 0, 0]]"
下载 (14),下载 (14).png,889ddd0c8eaf9980e979f767562d91d0,"[[0, 0, 0, 0, 0, 0, 0, 0, 0, 0, 0, 0, 0, 0, 0], [0, 0, 0, 0, 0, 0, 0, 0, 0, 0, 0, 0, 0, 0, 0], [0, 0, 0, 0, 0, 0, 0, 0, 0, 26, 0, 0, 0, 0, 0], [0, 0, 0, 0, 0, 0, 19, 24, 23, 21, 0, 0, 25, 0, 0], [0, 50, 0, 0, 0, 0, 0, 0, 20, 0, 0, 0, 0, 28, 0], [0, 52, 51, 0, 33, 41, 0, 2, 8, 3, 22, 16, 27, 0, 0], [0, 0, 0, 44, 36, 34, 45, 1, 9, 6, 15, 0, 0, 0, 0], [0, 0, 0, 0, 48, 5, 10, 4, 31, 11, 17, 0, 0, 0, 0], [0, 0, 0, 35, 40, 14, 7, 13, 30, 29, 0, 0, 18, 0, 0], [0, 0, 0, 39, 0, 49, 37, 12, 0, 0, 0, 32, 0, 0, 0], [0, 0, 0, 0, 0, 38, 42, 46, 47, 0, 0, 0, 0, 0, 0], [0, 0, 0, 0, 0, 0, 43, 0, 0, 0, 0, 0, 0, 0, 0], [0, 0, 0, 0, 0, 0, 0, 0, 0, 0, 0, 0, 0, 0, 0], [0, 0, 0, 0, 0, 0, 0, 0, 0, 0, 0, 0, 0, 0, 0], [0, 0, 0, 0, 0, 0, 0, 0, 0, 0, 0, 0, 0, 0, 0]]"
下载 (15),下载 (15).png,fafbdc6ac93a1954d79113b0c9e897f4,"[[0, 0, 0, 0, 0, 0, 0, 0, 0, 0, 0, 0, 0, 0, 0], [0, 0, 0, 0, 0, 0, 0, 0, 0, 0, 0, 0, 0, 0, 0], [0, 0, 0, 0, 0, 0, 0, 0, 0, 0, 0, 0, 0, 25, 0], [0, 0, 0, 0, 0, 0, 0, 0, 0, 0, 0, 0, 24, 0, 0], [0, 0, 0, 0, 0, 0, 0, 0, 0, 0, 0, 5, 19, 20, 0], [0, 0, 0, 0, 0, 0, 0, 0, 0, 0, 2, 0, 22, 0, 0], [0, 0, 0, 0, 0, 0, 0, 0, 0, 1, 10, 9, 0, 21, 0], [0, 0, 0, 0, 0, 0, 0, 0, 3, 0, 8, 12, 14, 15, 16], [0, 0, 0, 0, 0, 0, 0, 4, 0, 6, 7, 13, 27, 0, 0], [0, 0, 0, 0, 0, 0, 18, 17, 11, 0, 0, 26, 23, 0, 0], [0, 0, 0, 0, 0, 0, 0, 0, 0, 0, 0, 0, 30, 32, 0], [0, 0, 0, 0, 0, 0, 0, 0, 0, 0, 29, 33, 31, 0, 0], [0, 0, 0, 0, 0, 0, 0, 0, 0, 0, 0, 0, 0, 0, 0], [0, 0, 0, 0, 0, 0, 0, 0, 0, 0, 0, 0, 0, 0, 0], [0, 0, 0, 0, 0, 0, 0, 0, 0, 0, 0, 0, 0, 0, 0]]"
下载 (16),下载 (16).png,9a3a01cdce62ebaa6d42a442ebf6879b,"[[0, 0, 0, 0, 0, 0, 0, 0, 0, 0, 0, 0, 0, 0, 0], [0, 0, 0, 0, 0, 0, 0, 0, 0, 0, 0, 0, 0, 0, 0], [0, 0, 0, 0, 0, 0, 0, 0, 0, 0, 0, 0, 0, 0, 0], [0, 0, 0, 0, 0, 0, 0, 0, 25, 20, 0, 0, 0, 0, 0], [0, 0, 0, 0, 0, 0, 0, 0, 24, 21, 0, 0, 0, 0, 0], [0, 0, 0, 0, 0, 0, 0, 0, 23, 2, 0, 0, 0, 0, 0], [0, 0, 0, 0, 0, 0, 0, 1, 6, 3, 0, 0, 22, 0, 0], [0, 0, 0, 0, 0, 0, 0, 15, 4, 8, 11, 19, 0, 0, 0], [0, 0, 0, 0, 0, 0, 14, 13, 7, 5, 9, 10, 0, 0, 0], [0, 0, 0, 0, 0, 0, 0, 16, 0, 12, 17, 0, 0, 0, 0], [0, 0, 0, 0, 0, 0, 0, 0, 0, 0, 18, 0, 0, 0, 0], [0, 0, 0, 0, 0, 0, 0, 0, 0, 0, 0, 0, 0, 0, 0], [0, 0, 0, 0, 0, 0, 0, 0, 0, 0, 0, 0, 0, 0, 0], [0, 0, 0, 0, 0, 0, 0, 0, 0, 0, 0, 0, 0, 0, 0], [0, 0, 0, 0, 0, 0, 0, 0, 0, 0, 0, 0, 0, 0, 0]]"
下载 (18),下载 (18).png,bd159bbaa5a1b11737f3b41bc55484b2,"[[0, 0, 0, 0, 0, 0, 0, 0, 0, 0, 0, 0, 0, 0, 0], [0, 0, 0, 0, 0, 0, 36, 0, 0, 0, 0, 0, 0, 0, 0], [0, 0, 0, 0, 0, 0, 48, 35, 0, 0, 0, 40, 0, 0, 0], [0, 52, 51, 45, 47, 49, 50, 19, 12, 42, 0, 39, 0, 0, 0], [0, 0, 34, 33, 0, 0, 11, 10, 43, 8, 37, 29, 41, 0, 44], [0, 0, 0, 46, 70, 20, 15, 28, 23, 27, 21, 0, 32, 0, 0], [0, 0, 0, 0, 17, 69, 16, 2, 4, 5, 38, 0, 0, 0, 0], [0, 0, 0, 0, 14, 13, 9, 1, 30, 6, 25, 24, 0, 0, 0], [0, 0, 0, 0, 0, 63, 18, 0, 62, 26, 0, 7, 0, 0, 0], [0, 0, 0, 0, 0, 0, 3, 67, 0, 22, 0, 0, 0, 0, 0], [0, 0, 0, 0, 0, 68, 65, 58, 55, 71, 0, 31, 0, 0, 0], [0, 0, 0, 0, 0, 59, 64, 57, 0, 53, 54, 0, 0, 0, 0], [0, 0, 0, 0, 61, 0, 60, 0, 56, 0, 0, 0, 0, 0, 0], [0, 0, 0, 66, 0, 0, 0, 0, 0, 0, 0, 0, 0, 0, 0], [0, 0, 0, 0, 0, 0, 0, 0, 0, 0, 0, 0, 0, 0, 0]]"
下载 (17),下载 (17).png,b6b6b6df990524222056c415ad18c35f,"[[0, 0, 0, 0, 0, 0, 0, 0, 0, 0, 0, 0, 0, 0, 0], [0, 0, 0, 0, 0, 0, 0, 0, 0, 0, 0, 0, 0, 0, 0], [0, 0, 0, 0, 0, 0, 0, 0, 0, 0, 42, 0, 0, 0, 0], [0, 0, 0, 0, 0, 0, 0, 0, 0, 45, 0, 39, 0, 0, 0], [0, 0, 0, 0, 0, 0, 0, 0, 0, 17, 0, 13, 0, 0, 44], [0, 0, 0, 0, 0, 0, 0, 0, 32, 0, 40, 41, 0, 0, 0], [0, 0, 0, 0, 0, 0, 15, 0, 8, 46, 29, 37, 38, 35, 0], [0, 0, 0, 0, 0, 0, 0, 12, 11, 0, 2, 43, 3, 36, 0], [0, 0, 0, 0, 0, 0, 0, 16, 14, 4, 0, 9, 33, 27, 0], [0, 0, 0, 0, 0, 0, 0, 17, 5, 6, 10, 25, 24, 18, 30], [0, 0, 0, 0, 0, 0, 0, 0, 0, 7, 0, 0, 0, 0, 28], [0, 0, 0, 0, 0, 0, 0, 0, 0, 0, 20, 0, 0, 23, 31], [0, 0, 0, 0, 0, 0, 0, 0, 0, 26, 19, 21, 22, 0, 0], [0, 0, 0, 0, 0, 0, 0, 0, 0, 0, 0, 0, 0, 0, 0], [0, 0, 0, 0, 0, 0, 0, 0, 0, 0, 0, 0, 0, 0, 0]]"
下载 (19),下载 (19).png,b012d5da63388e574516e2cb1def2fc0,"[[0, 0, 0, 0, 0, 0, 0, 0, 0, 0, 0, 0, 0, 0, 0], [0, 0, 0, 0, 0, 0, 0, 0, 0, 0, 0, 0, 0, 0, 0], [0, 0, 0, 0, 0, 0, 0, 0, 0, 0, 0, 0, 0, 0, 0], [0, 0, 0, 0, 0, 0, 0, 0, 0, 0, 0, 0, 0, 0, 0], [0, 0, 0, 0, 0, 0, 0, 0, 11, 0, 0, 0, 0, 0, 0], [0, 0, 0, 0, 0, 0, 0, 10, 2, 0, 5, 0, 0, 0, 0], [0, 0, 0, 0, 0, 0, 0, 15, 1, 3, 4, 0, 0, 0, 21], [0, 0, 0, 0, 0, 0, 0, 12, 13, 8, 6, 18, 20, 0, 0], [0, 0, 0, 0, 0, 0, 36, 27, 35, 29, 9, 16, 7, 19, 0], [0, 0, 0, 0, 0, 44, 0, 39, 37, 22, 25, 14, 23, 0, 0], [0, 0, 0, 0, 42, 33, 28, 32, 24, 0, 17, 0, 0, 0, 0], [0, 0, 0, 41, 38, 40, 0, 34, 0, 26, 0, 0, 0, 0, 0], [0, 0, 0, 43, 0, 0, 0, 0, 0, 0, 30, 0, 0, 0, 0], [0, 0, 0, 0, 0, 0, 0, 0, 0, 0, 0, 31, 0, 0, 0], [0, 0, 0, 0, 0, 0, 0, 0, 0, 0, 0, 0, 0, 0, 0]]"
下载 (2),下载 (2).png,25733630585f91402cdacf6d91363542,"[[0, 0, 0, 0, 0, 0, 0, 0, 0, 0, 0, 0, 0, 0, 0], [0, 0, 0, 0, 0, 0, 0, 0, 0, 0, 0, 0, 0, 0, 0], [0, 0, 0, 0, 0, 0, 0, 0, 0, 0, 0, 0, 0, 0, 0], [0, 0, 0, 0, 0, 0, 0, 0, 0, 0, 0, 0, 0, 0, 0], [0, 0, 0, 0, 0, 0, 0, 0, 4, 18, 14, 10, 0, 0, 0], [0, 0, 0, 0, 0, 0, 0, 6, 12, 2, 5, 0, 0, 0, 0], [0, 0, 0, 0, 0, 0, 0, 0, 1, 3, 7, 8, 0, 0, 0], [0, 0, 0, 0, 0, 0, 0, 0, 9, 0, 0, 0, 0, 0, 0], [0, 0, 0, 0, 0, 0, 0, 15, 11, 17, 13, 19, 0, 0, 0], [0, 0, 0, 0, 0, 0, 0, 16, 0, 0, 0, 0, 0, 0, 0], [0, 0, 0, 0, 0, 0, 0, 0, 0, 0, 0, 0, 0, 0, 0], [0, 0, 0, 0, 0, 0, 0, 0, 0, 0, 0, 0, 0, 0, 0], [0, 0, 0, 0, 0, 0, 0, 0, 0, 0, 0, 0, 0, 0, 0], [0, 0, 0, 0, 0, 0, 0, 0, 0, 0, 0, 0, 0, 0, 0], [0, 0, 0, 0, 0, 0, 0, 0, 0, 0, 0, 0, 0, 0, 0]]"
下载 (21),下载 (21).png,afa2cecd4da34ba507414bfdf1a1a74b,"[[0, 0, 0, 0, 0, 0, 0, 0, 0, 0, 0, 0, 0, 0, 0], [0, 0, 0, 0, 0, 0, 0, 0, 0, 0, 0, 0, 0, 0, 0], [0, 0, 0, 0, 0, 0, 0, 0, 35, 0, 0, 0, 0, 0, 0], [0, 0, 0, 0, 0, 0, 0, 0, 39, 34, 41, 0, 0, 0, 0], [0, 0, 0, 0, 0, 0, 27, 26, 24, 36, 29, 0, 0, 0, 0], [0, 0, 0, 0, 0, 33, 32, 20, 21, 28, 0, 0, 0, 0, 0], [0, 0, 0, 0, 38, 22, 31, 23, 18, 37, 0, 0, 0, 0, 0], [0, 0, 0, 25, 0, 30, 3, 6, 19, 40, 0, 0, 0, 0, 0], [0, 0, 0, 0, 0, 2, 0, 5, 10, 42, 0, 0, 0, 0, 0], [0, 0, 0, 0, 0, 1, 4, 15, 8, 11, 0, 0, 0, 0, 0], [0, 0, 0, 0, 7, 0, 12, 9, 0, 0, 0, 0, 0, 0, 0], [0, 0, 0, 0, 0, 14, 0, 16, 17, 0, 0, 0, 0, 0, 0], [0, 0, 0, 0, 0, 0, 13, 0, 0, 0, 0, 0, 0, 0, 0], [0, 0, 0, 0, 0, 0, 0, 0, 0, 0, 0, 0, 0, 0, 0], [0, 0, 0, 0, 0, 0, 0, 0, 0, 0, 0, 0, 0, 0, 0]]"
下载 (20),下载 (20).png,8265730cbc6130ed0e6816ae98cad98d,"[[0, 0, 0, 0, 0, 0, 0, 0, 0, 0, 0, 0, 0, 0, 0], [0, 0, 0, 0, 0, 0, 0, 0, 0, 0, 0, 0, 0, 0, 0], [0, 0, 0, 0, 0, 0, 0, 0, 0, 0, 0, 0, 31, 0, 0], [0, 0, 0, 0, 0, 0, 27, 0, 0, 0, 0, 0, 0, 0, 0], [0, 0, 0, 0, 0, 26, 0, 23, 0, 0, 0, 12, 0, 0, 0], [0, 0, 0, 0, 0, 0, 25, 24, 22, 30, 11, 29, 19, 31, 32], [0, 0, 0, 0, 0, 28, 0, 15, 14, 9, 0, 0, 0, 18, 17], [0, 0, 0, 0, 0, 0, 0, 0, 7, 0, 2, 5, 16, 0, 0], [0, 0, 0, 0, 0, 0, 0, 0, 0, 13, 0, 8, 6, 0, 0], [0, 0, 0, 0, 0, 0, 0, 0, 4, 10, 3, 21, 0, 0, 0], [0, 0, 0, 0, 0, 0, 0, 0, 0, 0, 0, 0, 20, 0, 0], [0, 0, 0, 0, 0, 0, 0, 0, 0, 0, 0, 0, 0, 0, 0], [0, 0, 0, 0, 0, 0, 0, 0, 0, 0, 0, 0, 0, 0, 0], [0, 0, 0, 0, 0, 0, 0, 0, 0, 0, 0, 0, 0, 0, 0], [0, 0, 0, 0, 0, 0, 0, 0, 0, 0, 0, 0, 0, 0, 0]]"
下载 (22),下载 (22).png,bf935d64ecd598703f4a226e9f50b5af,"[[0, 0, 0, 0, 0, 0, 0, 0, 0, 0, 0, 0, 0, 0, 0], [0, 0, 0, 0, 0, 0, 0, 0, 0, 0, 0, 0, 0, 0, 0], [0, 0, 0, 0, 0, 0, 0, 28, 0, 20, 19, 0, 0, 0, 0], [0, 0, 0, 0, 0, 0, 27, 24, 11, 14, 0, 17, 0, 0, 0], [0, 0, 0, 0, 0, 0, 23, 32, 31, 9, 29, 16, 13, 0, 0], [0, 0, 0, 0, 0, 51, 33, 10, 30, 3, 4, 21, 18, 0, 0], [0, 0, 0, 0, 49, 0, 50, 34, 0, 25, 12, 15, 0, 0, 0], [0, 0, 52, 53, 46, 42, 6, 39, 26, 1, 0, 22, 0, 0, 0], [0, 0, 0, 54, 0, 0, 44, 0, 0, 0, 7, 0, 0, 0, 0], [0, 0, 43, 0, 45, 38, 41, 0, 0, 36, 8, 37, 0, 0, 0], [0, 0, 0, 47, 40, 0, 0, 0, 0, 35, 0, 0, 0, 0, 0], [0, 0, 0, 48, 0, 0, 0, 0, 0, 0, 0, 0, 0, 0, 0], [0, 0, 0, 0, 0, 0, 0, 0, 0, 0, 0, 0, 0, 0, 0], [0, 0, 0, 0, 0, 0, 0, 0, 0, 0, 0, 0, 0, 0, 0], [0, 0, 0, 0, 0, 0, 0, 0, 0, 0, 0, 0, 0, 0, 0]]"
下载 (23),下载 (23).png,3982da4cd3111ba67f876de0e6325e3e,"[[0, 0, 0, 0, 0, 0, 0, 0, 0, 0, 0, 0, 0, 0, 0], [0, 0, 0, 0, 0, 0, 0, 0, 0, 0, 0, 0, 0, 0, 0], [0, 0, 0, 0, 0, 0, 0, 0, 0, 0, 0, 0, 0, 0, 0], [0, 0, 0, 0, 0, 0, 0, 0, 0, 0, 0, 0, 0, 0, 0], [0, 0, 0, 0, 0, 0, 0, 0, 0, 0, 0, 0, 0, 0, 0], [0, 0, 0, 0, 0, 0, 0, 0, 6, 4, 0, 0, 0, 0, 0], [0, 0, 0, 0, 0, 0, 0, 0, 0, 2, 0, 0, 0, 0, 0], [0, 0, 0, 0, 0, 0, 0, 5, 1, 0, 0, 0, 0, 0, 0], [0, 0, 0, 0, 0, 0, 0, 0, 0, 3, 0, 0, 0, 0, 0], [0, 0, 0, 0, 0, 0, 0, 0, 0, 0, 0, 0, 0, 0, 0], [0, 0, 0, 0, 0, 0, 0, 0, 0, 0, 0, 0, 0, 0, 0], [0, 0, 0, 0, 0, 0, 0, 0, 0, 0, 0, 0, 0, 0, 0], [0, 0, 0, 0, 0, 0, 0, 0, 0, 0, 0, 0, 0, 0, 0], [0, 0, 0, 0, 0, 0, 0, 0, 0, 0, 0, 0, 0, 0, 0], [0, 0, 0, 0, 0, 0, 0, 0, 0, 0, 0, 0, 0, 0, 0]]"
下载 (25),下载 (25).png,219ca8e38579b7c5809cce86310ac208,"[[0, 0, 0, 0, 0, 0, 0, 0, 0, 0, 0, 0, 0, 0, 0], [0, 0, 0, 0, 0, 0, 0, 0, 0, 0, 0, 0, 0, 0, 0], [0, 0, 0, 0, 0, 0, 0, 0, 0, 0, 0, 0, 0, 0, 0], [0, 0, 0, 0, 0, 0, 0, 0, 0, 0, 0, 0, 0, 0, 0], [0, 0, 0, 0, 0, 0, 0, 0, 0, 0, 0, 14, 0, 0, 0], [0, 0, 0, 0, 0, 0, 0, 0, 0, 0, 11, 0, 0, 0, 0], [0, 0, 0, 0, 0, 0, 0, 0, 0, 13, 0, 12, 0, 0, 0], [0, 0, 0, 0, 0, 0, 0, 0, 4, 0, 2, 0, 9, 0, 0], [0, 0, 0, 0, 0, 0, 16, 15, 5, 1, 8, 0, 7, 0, 0], [0, 0, 0, 0, 0, 0, 0, 17, 0, 6, 3, 0, 0, 0, 0], [0, 0, 0, 0, 0, 0, 0, 0, 0, 0, 0, 10, 0, 0, 0], [0, 0, 0, 0, 0, 0, 0, 0, 0, 0, 0, 0, 0, 0, 0], [0, 0, 0, 0, 0, 0, 0, 0, 0, 0, 0, 0, 0, 0, 0], [0, 0, 0, 0, 0, 0, 0, 0, 0, 0, 0, 0, 0, 0, 0], [0, 0, 0, 0, 0, 0, 0, 0, 0, 0, 0, 0, 0, 0, 0]]"
下载 (24),下载 (24).png,1469a78d46157cb8eae4d2a43e5426c3,"[[0, 0, 0, 0, 0, 0, 0, 0, 0, 0, 0, 0, 0, 0, 0], [0, 0, 0, 0, 0, 0, 0, 0, 0, 0, 0, 0, 0, 0, 0], [0, 0, 0, 0, 0, 0, 33, 0, 37, 0, 0, 0, 0, 0, 0], [0, 41, 0, 28, 34, 26, 35, 0, 43, 0, 0, 0, 0, 0, 0], [0, 0, 0, 0, 23, 38, 32, 22, 0, 0, 0, 0, 0, 0, 0], [0, 0, 0, 0, 11, 27, 0, 2, 19, 40, 0, 0, 0, 0, 0], [0, 0, 0, 0, 36, 10, 13, 1, 6, 39, 0, 0, 0, 0, 0], [0, 0, 0, 31, 24, 12, 8, 3, 0, 7, 0, 0, 0, 0, 0], [0, 0, 29, 25, 30, 21, 5, 4, 14, 15, 0, 0, 0, 0, 0], [0, 54, 55, 42, 46, 48, 49, 52, 17, 9, 0, 0, 0, 0, 0], [0, 0, 58, 0, 47, 45, 44, 20, 0, 16, 0, 0, 0, 0, 0], [0, 0, 0, 0, 0, 57, 0, 50, 0, 0, 0, 0, 0, 0, 0], [0, 0, 0, 0, 56, 0, 0, 53, 51, 0, 0, 0, 0, 0, 0], [0, 0, 0, 0, 0, 0, 0, 0, 0, 0, 0, 0, 0, 0, 0], [0, 0, 0, 0, 0, 0, 0, 0, 0, 0, 0, 0, 0, 0, 0]]"
下载 (26),下载 (26).png,f1417085ec37e6217f34c53c588cc59d,"[[0, 0, 0, 0, 0, 0, 0, 0, 0, 0, 0, 0, 0, 0, 0], [0, 0, 0, 0, 0, 0, 0, 0, 0, 0, 0, 0, 0, 0, 0], [0, 0, 0, 0, 0, 0, 0, 0, 0, 0, 0, 0, 0, 0, 0], [0, 0, 0, 0, 0, 0, 0, 0, 0, 0, 0, 0, 0, 0, 0], [0, 0, 0, 0, 0, 0, 0, 0, 2, 3, 0, 0, 0, 0, 0], [0, 0, 0, 0, 0, 0, 0, 0, 1, 4, 0, 0, 0, 0, 0], [0, 0, 0, 0, 0, 0, 6, 0, 14, 15, 8, 17, 0, 18, 0], [0, 0, 0, 0, 0, 0, 0, 0, 10, 7, 5, 0, 19, 0, 0], [0, 0, 0, 0, 0, 0, 0, 0, 0, 9, 13, 0, 0, 0, 0], [0, 0, 0, 0, 0, 0, 0, 0, 0, 11, 16, 0, 0, 0, 0], [0, 0, 0, 0, 0, 0, 0, 0, 0, 12, 0, 0, 0, 0, 0], [0, 0, 0, 0, 0, 0, 0, 0, 0, 0, 0, 0, 0, 0, 0], [0, 0, 0, 0, 0, 0, 0, 0, 0, 0, 0, 0, 0, 0, 0], [0, 0, 0, 0, 0, 0, 0, 0, 0, 0, 0, 0, 0, 0, 0], [0, 0, 0, 0, 0, 0, 0, 0, 0, 0, 0, 0, 0, 0, 0]]"
下载 (28),下载 (28).png,2363f0b3dbb852891d59bbea5364e8b8,"[[0, 0, 0, 0, 0, 0, 0, 0, 0, 0, 0, 0, 0, 0, 0], [0, 0, 0, 0, 0, 0, 34, 36, 0, 0, 0, 0, 38, 0, 0], [0, 0, 0, 0, 0, 0, 0, 33, 0, 24, 0, 37, 0, 0, 0], [0, 0, 0, 0, 0, 22, 0, 35, 23, 0, 31, 0, 0, 0, 0], [0, 0, 0, 0, 0, 0, 0, 21, 0, 30, 25, 29, 0, 0, 39], [0, 0, 0, 0, 20, 19, 0, 0, 15, 26, 27, 0, 0, 0, 0], [0, 0, 0, 0, 0, 0, 4, 2, 0, 5, 32, 28, 0, 0, 0], [0, 0, 0, 0, 0, 14, 0, 1, 6, 9, 16, 0, 0, 0, 0], [0, 0, 0, 17, 0, 18, 0, 3, 0, 7, 8, 0, 0, 0, 0], [0, 0, 0, 0, 0, 0, 0, 0, 11, 10, 0, 0, 0, 0, 0], [0, 0, 0, 0, 0, 0, 0, 12, 13, 0, 0, 0, 0, 0, 0], [0, 0, 0, 0, 0, 0, 0, 0, 0, 0, 0, 0, 0, 0, 0], [0, 0, 0, 0, 0, 0, 0, 0, 0, 0, 0, 0, 0, 0, 0], [0, 0, 0, 0, 0, 0, 0, 0, 0, 0, 0, 0, 0, 0, 0], [0, 0, 0, 0, 0, 0, 0, 0, 0, 0, 0, 0, 0, 0, 0]]"
下载 (27),下载 (27).png,c01b382d342b918a25256025d7dda10c,"[[0, 0, 0, 0, 0, 0, 0, 0, 0, 0, 0, 0, 0, 0, 0], [0, 0, 0, 0, 0, 0, 0, 0, 28, 0, 0, 0, 0, 0, 0], [0, 0, 0, 0, 0, 34, 33, 29, 27, 31, 32, 25, 0, 0, 0], [0, 0, 0, 0, 42, 43, 40, 30, 0, 13, 10, 0, 24, 0, 0], [0, 0, 0, 44, 0, 0, 0, 41, 0, 12, 9, 26, 23, 0, 0], [0, 45, 0, 0, 17, 18, 7, 0, 8, 5, 19, 0, 0, 0, 0], [0, 0, 0, 0, 0, 14, 15, 2, 21, 3, 0, 20, 0, 0, 0], [0, 0, 0, 0, 0, 0, 4, 0, 36, 22, 52, 48, 0, 0, 0], [0, 0, 0, 0, 0, 11, 6, 0, 35, 16, 39, 50, 49, 0, 0], [0, 0, 0, 0, 0, 0, 0, 37, 0, 0, 0, 51, 0, 0, 0], [0, 0, 0, 0, 0, 0, 47, 38, 46, 0, 0, 0, 0, 0, 0], [0, 0, 0, 0, 0, 0, 0, 0, 0, 0, 0, 0, 0, 0, 0], [0, 0, 0, 0, 0, 0, 0, 0, 0, 0, 0, 0, 0, 0, 0], [0, 0, 0, 0, 0, 0, 0, 0, 0, 0, 0, 0, 0, 0, 0], [0, 0, 0, 0, 0, 0, 0, 0, 0, 0, 0, 0, 0, 0, 0]]"
下载 (29),下载 (29).png,09e8d544cf46c236db058e29998333ce,"[[0, 0, 0, 0, 0, 0, 0, 0, 0, 0, 0, 0, 0, 0, 0], [0, 0, 0, 0, 0, 0, 0, 0, 0, 0, 0, 0, 0, 0, 0], [0, 0, 0, 0, 0, 0, 0, 0, 0, 0, 0, 0, 0, 0, 0], [0, 0, 0, 0, 0, 0, 0, 0, 28, 11, 0, 19, 8, 0, 0], [0, 0, 0, 0, 0, 0, 0, 0, 27, 0, 10, 5, 0, 0, 0], [0, 0, 0, 0, 0, 0, 0, 32, 0, 18, 7, 4, 14, 0, 0], [0, 0, 0, 0, 0, 0, 26, 25, 0, 30, 9, 2, 6, 0, 0], [0, 0, 0, 0, 0, 0, 0, 31, 21, 22, 1, 13, 15, 16, 0], [0, 0, 0, 0, 0, 0, 0, 29, 0, 23, 12, 20, 0, 0, 17], [0, 0, 0, 0, 0, 0, 0, 0, 0, 0, 24, 3, 0, 0, 0], [0, 0, 0, 0, 0, 0, 0, 35, 0, 0, 0, 0, 0, 0, 0], [0, 0, 0, 0, 0, 0, 0, 0, 0, 0, 0, 0, 0, 0, 0], [0, 0, 0, 0, 0, 0, 0, 0, 0, 0, 0, 0, 0, 0, 0], [0, 0, 0, 0, 0, 0, 0, 0, 0, 0, 0, 0, 0, 0, 0], [0, 0, 0, 0, 0, 0, 0, 0, 0, 0, 0, 0, 0, 0, 0]]"
下载 (3),下载 (3).png,f0724d478667233e9bac324f3f665191,"[[0, 0, 0, 0, 0, 0, 0, 0, 0, 0, 0, 0, 0, 0, 0], [0, 0, 0, 0, 0, 0, 0, 0, 18, 0, 0, 0, 0, 0, 0], [0, 0, 0, 0, 0, 0, 0, 0, 21, 19, 0, 0, 0, 0, 0], [0, 0, 0, 0, 0, 0, 0, 22, 23, 20, 14, 16, 17, 0, 0], [0, 0, 0, 0, 0, 0, 24, 0, 0, 4, 11, 3, 12, 0, 0], [0, 0, 0, 0, 0, 0, 0, 15, 0, 2, 6, 7, 0, 0, 0], [0, 0, 0, 0, 0, 0, 0, 0, 1, 10, 5, 9, 0, 0, 0], [0, 0, 0, 0, 0, 0, 0, 0, 13, 8, 0, 0, 0, 0, 0], [0, 0, 0, 0, 0, 0, 0, 0, 0, 0, 0, 0, 0, 0, 0], [0, 0, 0, 0, 0, 0, 0, 0, 0, 0, 0, 0, 0, 0, 0], [0, 0, 0, 0, 0, 0, 0, 0, 0, 0, 0, 0, 0, 0, 0], [0, 0, 0, 0, 0, 0, 0, 0, 0, 0, 0, 0, 0, 0, 0], [0, 0, 0, 0, 0, 0, 0, 0, 0, 0, 0, 0, 0, 0, 0], [0, 0, 0, 0, 0, 0, 0, 0, 0, 0, 0, 0, 0, 0, 0], [0, 0, 0, 0, 0, 0, 0, 0, 0, 0, 0, 0, 0, 0, 0]]"
下载 (30),下载 (30).png,dc4478f66bf30daea29c5f7d250a45a1,"[[0, 0, 0, 0, 0, 0, 0, 0, 0, 0, 0, 0, 0, 0, 0], [0, 0, 0, 0, 0, 0, 0, 0, 0, 0, 0, 0, 0, 0, 0], [0, 0, 0, 0, 0, 0, 0, 39, 0, 0, 0, 0, 0, 0, 0], [0, 0, 0, 0, 0, 0, 40, 0, 32, 28, 0, 0, 36, 0, 0], [0, 0, 0, 0, 0, 0, 0, 38, 31, 33, 34, 0, 15, 0, 0], [0, 0, 0, 0, 0, 27, 29, 19, 30, 21, 2, 0, 9, 0, 35], [0, 0, 0, 0, 0, 26, 0, 0, 16, 6, 1, 0, 0, 12, 37], [0, 0, 0, 0, 22, 25, 24, 10, 18, 3, 0, 8, 5, 0, 0], [0, 0, 0, 0, 0, 20, 11, 17, 7, 0, 4, 0, 0, 0, 0], [0, 0, 0, 0, 0, 0, 23, 14, 13, 0, 0, 0, 0, 0, 0], [0, 0, 0, 0, 0, 0, 0, 0, 0, 0, 0, 0, 0, 0, 0], [0, 0, 0, 0, 0, 0, 0, 0, 0, 0, 0, 0, 0, 0, 0], [0, 0, 0, 0, 0, 0, 0, 0, 0, 0, 0, 0, 0, 0, 0], [0, 0, 0, 0, 0, 0, 0, 0, 0, 0, 0, 0, 0, 0, 0], [0, 0, 0, 0, 0, 0, 0, 0, 0, 0, 0, 0, 0, 0, 0]]"
下载 (31),下载 (31).png,eb289efbcd239a079fee96e630c1ae16,"[[0, 0, 0, 0, 0, 0, 0, 0, 0, 0, 0, 0, 0, 0, 0], [0, 0, 0, 0, 0, 0, 0, 0, 0, 0, 0, 0, 0, 0, 0], [0, 0, 0, 0, 0, 0, 0, 0, 0, 0, 0, 0, 0, 0, 0], [0, 0, 0, 0, 0, 0, 0, 57, 56, 43, 0, 0, 0, 0, 0], [0, 0, 0, 0, 0, 0, 58, 46, 55, 42, 0, 0, 0, 0, 0], [0, 0, 0, 0, 0, 0, 59, 27, 40, 17, 44, 0, 0, 0, 0], [0, 0, 0, 0, 0, 0, 24, 13, 4, 0, 45, 37, 0, 0, 0], [0, 0, 0, 0, 0, 15, 14, 8, 6, 2, 9, 36, 38, 0, 0], [0, 0, 0, 0, 23, 41, 28, 7, 1, 16, 10, 39, 35, 0, 0], [0, 0, 0, 34, 26, 20, 5, 11, 0, 3, 12, 0, 0, 0, 0], [0, 0, 62, 31, 25, 0, 18, 19, 52, 0, 0, 0, 0, 0, 0], [0, 0, 0, 60, 0, 21, 22, 53, 49, 0, 0, 0, 0, 0, 0], [0, 0, 0, 61, 0, 0, 30, 29, 47, 50, 0, 0, 0, 0, 0], [0, 0, 0, 0, 0, 48, 32, 54, 51, 0, 0, 0, 0, 0, 0], [0, 0, 0, 0, 0, 0, 33, 0, 0, 0, 0, 0, 0, 0, 0]]"
下载 (32),下载 (32).png,442e5b2cdcc63aba3bbcf35ba55f009d,"[[0, 0, 0, 0, 0, 0, 0, 0, 0, 0, 0, 0, 0, 0, 0], [0, 0, 0, 0, 0, 0, 0, 0, 0, 0, 0, 0, 0, 0, 0], [0, 0, 0, 0, 0, 0, 0, 0, 0, 0, 0, 0, 0, 0, 0], [0, 0, 0, 0, 0, 0, 0, 0, 11, 0, 0, 0, 0, 0, 0], [0, 0, 0, 0, 0, 0, 0, 8, 0, 4, 0, 0, 0, 0, 0], [0, 0, 0, 0, 0, 0, 6, 0, 2, 7, 0, 0, 0, 0, 0], [0, 0, 0, 0, 0, 10, 0, 13, 1, 9, 0, 0, 0, 0, 0], [0, 0, 0, 0, 0, 0, 12, 0, 3, 0, 0, 0, 0, 0, 0], [0, 0, 0, 0, 0, 0, 0, 0, 5, 0, 0, 0, 0, 0, 0], [0, 0, 0, 0, 0, 0, 0, 0, 0, 0, 0, 0, 0, 0, 0], [0, 0, 0, 0, 0, 0, 0, 0, 0, 0, 0, 0, 0, 0, 0], [0, 0, 0, 0, 0, 0, 0, 0, 0, 0, 0, 0, 0, 0, 0], [0, 0, 0, 0, 0, 0, 0, 0, 0, 0, 0, 0, 0, 0, 0], [0, 0, 0, 0, 0, 0, 0, 0, 0, 0, 0, 0, 0, 0, 0], [0, 0, 0, 0, 0, 0, 0, 0, 0, 0, 0, 0, 0, 0, 0]]"
下载 (33),下载 (33).png,ce92ec1e1a7a9e77717b33693b1863a0,"[[0, 0, 0, 0, 0, 0, 0, 0, 0, 0, 0, 0, 0, 0, 0], [0, 0, 0, 0, 0, 0, 0, 0, 0, 0, 0, 0, 0, 0, 0], [0, 0, 0, 0, 0, 0, 0, 0, 0, 0, 0, 0, 0, 0, 0], [0, 0, 0, 0, 0, 0, 45, 43, 0, 0, 0, 0, 0, 0, 0], [0, 0, 0, 0, 0, 46, 48, 34, 47, 0, 0, 0, 0, 0, 0], [0, 0, 0, 0, 43, 44, 37, 0, 11, 10, 2, 18, 25, 24, 0], [0, 0, 0, 0, 0, 8, 5, 1, 3, 6, 23, 0, 27, 0, 0], [0, 0, 0, 0, 38, 9, 36, 4, 19, 21, 7, 22, 0, 0, 0], [0, 0, 0, 41, 39, 35, 42, 0, 12, 17, 16, 26, 30, 0, 0], [0, 0, 0, 0, 40, 0, 0, 0, 14, 13, 0, 0, 31, 0, 0], [0, 0, 0, 0, 0, 0, 0, 0, 15, 20, 0, 0, 0, 0, 0], [0, 0, 0, 0, 0, 0, 0, 0, 33, 28, 32, 0, 0, 0, 0], [0, 0, 0, 0, 0, 0, 0, 0, 0, 29, 0, 0, 0, 0, 0], [0, 0, 0, 0, 0, 0, 0, 0, 0, 0, 0, 0, 0, 0, 0], [0, 0, 0, 0, 0, 0, 0, 0, 0, 0, 0, 0, 0, 0, 0]]"
下载 (34),下载 (34).png,98ac16b4f25449a3ece20abf022eccd7,"[[0, 0, 0, 0, 0, 0, 0, 0, 0, 0, 0, 0, 0, 0, 0], [0, 0, 0, 0, 0, 0, 0, 0, 0, 0, 0, 0, 0, 0, 0], [0, 0, 0, 0, 0, 0, 0, 0, 0, 0, 0, 0, 0, 0, 0], [0, 0, 0, 0, 0, 0, 0, 13, 24, 26, 30, 0, 0, 0, 0], [0, 0, 0, 0, 0, 0, 0, 14, 12, 3, 11, 27, 0, 0, 0], [0, 0, 0, 0, 0, 0, 0, 7, 6, 2, 4, 8, 9, 28, 36], [0, 0, 0, 0, 0, 0, 0, 5, 25, 1, 10, 18, 20, 23, 33], [0, 0, 0, 0, 0, 0, 0, 0, 0, 15, 35, 16, 0, 31, 0], [0, 0, 0, 0, 0, 0, 0, 0, 0, 22, 19, 17, 0, 0, 32], [0, 0, 0, 0, 0, 0, 0, 0, 0, 21, 34, 0, 0, 0, 0], [0, 0, 0, 0, 0, 0, 0, 0, 0, 0, 37, 0, 0, 0, 0], [0, 0, 0, 0, 0, 0, 0, 0, 0, 0, 0, 0, 0, 0, 0], [0, 0, 0, 0, 0, 0, 0, 0, 0, 0, 0, 0, 0, 0, 0], [0, 0, 0, 0, 0, 0, 0, 0, 0, 0, 0, 0, 0, 0, 0], [0, 0, 0, 0, 0, 0, 0, 0, 0, 0, 0, 0, 0, 0, 0]]"
下载 (35),下载 (35).png,91f428c938a939114c92a6584808904d,"[[0, 0, 0, 0, 0, 0, 0, 0, 0, 0, 0, 0, 0, 0, 0], [0, 0, 0, 0, 0, 0, 0, 0, 0, 0, 0, 0, 0, 0, 0], [0, 0, 0, 0, 0, 0, 0, 0, 27, 0, 0, 0, 0, 0, 0], [0, 0, 0, 0, 0, 0, 0, 0, 26, 0, 0, 0, 0, 0, 0], [0, 0, 0, 0, 0, 0, 0, 37, 0, 20, 18, 21, 16, 0, 0], [0, 0, 0, 30, 36, 0, 0, 0, 33, 22, 15, 0, 0, 0, 0], [0, 0, 0, 34, 29, 17, 31, 32, 9, 14, 13, 0, 0, 0, 0], [0, 0, 0, 38, 35, 19, 0, 28, 7, 12, 23, 0, 0, 0, 0], [0, 0, 0, 39, 0, 24, 25, 0, 10, 2, 11, 0, 0, 0, 0], [0, 40, 0, 0, 0, 0, 8, 5, 1, 3, 6, 0, 0, 0, 0], [0, 0, 0, 0, 0, 0, 0, 0, 4, 0, 0, 0, 0, 0, 0], [0, 0, 0, 0, 0, 0, 0, 0, 0, 0, 0, 0, 0, 0, 0], [0, 0, 0, 0, 0, 0, 0, 0, 0, 0, 0, 0, 0, 0, 0], [0, 0, 0, 0, 0, 0, 0, 0, 0, 0, 0, 0, 0, 0, 0], [0, 0, 0, 0, 0, 0, 0, 0, 0, 0, 0, 0, 0, 0, 0]]"
下载 (37),下载 (37).png,984ec77a091bf69f9af99126d61450a5,"[[0, 0, 0, 0, 0, 0, 0, 0, 0, 0, 0, 0, 0, 0, 0], [0, 0, 0, 0, 0, 0, 0, 0, 61, 0, 0, 0, 0, 0, 0], [0, 0, 0, 0, 0, 0, 0, 0, 60, 67, 0, 0, 0, 0, 0], [0, 0, 0, 0, 0, 0, 0, 59, 52, 65, 0, 0, 0, 0, 0], [0, 0, 0, 0, 0, 0, 53, 55, 56, 49, 64, 0, 0, 0, 0], [0, 0, 0, 0, 0, 54, 62, 63, 12, 58, 68, 0, 0, 0, 0], [0, 0, 0, 0, 0, 0, 4, 5, 2, 33, 66, 0, 0, 0, 0], [0, 40, 50, 0, 7, 9, 1, 10, 36, 35, 34, 0, 0, 0, 0], [51, 39, 0, 11, 8, 6, 13, 0, 57, 0, 0, 0, 0, 0, 0], [0, 38, 21, 14, 20, 3, 32, 25, 27, 29, 30, 0, 0, 0, 0], [0, 22, 18, 17, 15, 19, 0, 26, 0, 0, 44, 0, 0, 0, 0], [0, 0, 0, 16, 23, 46, 43, 45, 37, 48, 47, 0, 0, 0, 0], [0, 0, 0, 31, 41, 24, 0, 0, 0, 0, 0, 0, 0, 0, 0], [0, 0, 0, 0, 42, 0, 0, 0, 0, 0, 0, 0, 0, 0, 0], [0, 0, 0, 0, 0, 0, 0, 0, 0, 0, 0, 0, 0, 0, 0]]"
下载 (38),下载 (38).png,574dd41f0a65c2f8b50922104fb9598f,"[[0, 0, 0, 0, 0, 0, 0, 0, 0, 0, 0, 0, 0, 0, 0], [0, 0, 0, 0, 0, 0, 0, 0, 0, 0, 0, 0, 0, 0, 0], [0, 0, 0, 0, 0, 0, 0, 0, 9, 0, 0, 0, 0, 0, 0], [0, 0, 0, 0, 0, 0, 0, 8, 0, 10, 18, 0, 0, 0, 0], [0, 0, 0, 0, 0, 0, 6, 0, 0, 0, 0, 13, 0, 0, 0], [0, 0, 0, 0, 4, 0, 0, 2, 0, 5, 0, 15, 0, 0, 0], [0, 0, 0, 0, 0, 16, 0, 0, 11, 7, 0, 12, 0, 0, 0], [0, 0, 0, 17, 0, 0, 14, 0, 19, 0, 0, 0, 0, 0, 0], [0, 0, 0, 0, 0, 0, 20, 0, 3, 23, 0, 0, 0, 0, 0], [0, 0, 0, 0, 0, 0, 24, 0, 21, 0, 0, 0, 0, 0, 0], [0, 0, 0, 0, 0, 0, 0, 22, 0, 0, 0, 0, 0, 0, 0], [0, 0, 0, 0, 0, 0, 0, 0, 0, 0, 0, 0, 0, 0, 0], [0, 0, 0, 0, 0, 0, 0, 0, 0, 0, 0, 0, 0, 0, 0], [0, 0, 0, 0, 0, 0, 0, 0, 0, 0, 0, 0, 0, 0, 0], [0, 0, 0, 0, 0, 0, 0, 0, 0, 0, 0, 0, 0, 0, 0]]"
下载 (36),下载 (36).png,eb2c2de9f23b78d1e031a11fcda236c7,"[[0, 0, 0, 0, 0, 0, 0, 0, 0, 0, 0, 0, 0, 0, 0], [0, 0, 0, 0, 0, 0, 0, 0, 0, 0, 0, 0, 0, 0, 0], [0, 0, 0, 0, 0, 0, 0, 0, 0, 0, 0, 0, 0, 0, 0], [0, 0, 0, 0, 0, 0, 0, 0, 0, 0, 0, 0, 0, 0, 0], [0, 0, 0, 0, 0, 0, 0, 10, 12, 17, 16, 14, 0, 0, 0], [0, 0, 0, 0, 0, 0, 19, 20, 5, 9, 2, 13, 0, 0, 0], [0, 0, 0, 0, 0, 22, 21, 8, 1, 7, 15, 0, 0, 0, 0], [0, 0, 0, 0, 0, 0, 23, 11, 6, 3, 18, 0, 0, 0, 0], [0, 0, 0, 0, 0, 0, 0, 24, 4, 0, 0, 0, 0, 0, 0], [0, 0, 0, 0, 0, 0, 0, 0, 25, 0, 0, 0, 0, 0, 0], [0, 0, 0, 0, 0, 0, 0, 0, 0, 0, 0, 0, 0, 0, 0], [0, 0, 0, 0, 0, 0, 0, 0, 0, 0, 0, 0, 0, 0, 0], [0, 0, 0, 0, 0, 0, 0, 0, 0, 0, 0, 0, 0, 0, 0], [0, 0, 0, 0, 0, 0, 0, 0, 0, 0, 0, 0, 0, 0, 0], [0, 0, 0, 0, 0, 0, 0, 0, 0, 0, 0, 0, 0, 0, 0]]"
下载 (39),下载 (39).png,c8c9fa97a2612877b4f0790b17b66f82,"[[0, 0, 0, 0, 0, 0, 0, 0, 0, 0, 0, 0, 0, 0, 0], [0, 0, 0, 0, 0, 0, 62, 0, 46, 60, 0, 0, 0, 0, 0], [0, 0, 0, 0, 0, 0, 0, 45, 59, 44, 0, 0, 0, 0, 0], [0, 0, 0, 0, 0, 0, 42, 39, 41, 33, 58, 34, 0, 0, 0], [0, 61, 0, 0, 52, 38, 0, 43, 57, 28, 27, 0, 0, 0, 0], [0, 0, 56, 0, 40, 24, 25, 0, 13, 0, 26, 35, 0, 0, 0], [0, 0, 0, 0, 0, 55, 15, 2, 14, 16, 19, 0, 0, 0, 0], [54, 53, 23, 51, 0, 0, 8, 1, 0, 0, 0, 0, 0, 0, 0], [0, 0, 22, 20, 0, 11, 3, 18, 12, 0, 0, 0, 0, 0, 0], [49, 0, 0, 21, 32, 4, 6, 7, 17, 0, 0, 36, 0, 0, 0], [0, 50, 30, 29, 0, 9, 5, 10, 0, 0, 0, 37, 0, 0, 0], [0, 0, 31, 47, 48, 0, 0, 0, 0, 0, 0, 0, 0, 0, 0], [0, 0, 0, 0, 0, 0, 0, 0, 0, 0, 0, 0, 0, 0, 0], [0, 0, 0, 0, 0, 0, 0, 0, 0, 0, 0, 0, 0, 0, 0], [0, 0, 0, 0, 0, 0, 0, 0, 0, 0, 0, 0, 0, 0, 0]]"
下载 (40),下载 (40).png,cb216c5bedd71255448ca5f932954940,"[[0, 0, 0, 0, 0, 0, 0, 0, 0, 0, 0, 0, 0, 0, 0], [0, 0, 0, 0, 0, 0, 0, 0, 0, 0, 0, 0, 0, 0, 0], [0, 0, 0, 0, 0, 0, 19, 22, 30, 0, 0, 0, 0, 0, 0], [0, 0, 0, 0, 0, 18, 15, 11, 17, 31, 32, 0, 0, 0, 0], [0, 0, 0, 0, 20, 12, 21, 10, 14, 5, 0, 0, 0, 0, 0], [0, 0, 0, 23, 16, 7, 4, 2, 6, 9, 0, 0, 0, 0, 0], [0, 0, 25, 24, 13, 41, 1, 8, 29, 34, 0, 0, 0, 0, 0], [0, 0, 0, 26, 0, 0, 3, 0, 0, 0, 0, 0, 0, 0, 0], [0, 0, 0, 27, 0, 0, 37, 39, 40, 33, 0, 0, 0, 0, 0], [0, 0, 0, 0, 28, 0, 38, 0, 35, 0, 0, 0, 0, 0, 0], [0, 0, 0, 0, 0, 0, 0, 0, 0, 36, 0, 0, 0, 0, 0], [0, 0, 0, 0, 0, 0, 0, 0, 0, 0, 0, 0, 0, 0, 0], [0, 0, 0, 0, 0, 0, 0, 0, 0, 0, 0, 0, 0, 0, 0], [0, 0, 0, 0, 0, 0, 0, 0, 0, 0, 0, 0, 0, 0, 0], [0, 0, 0, 0, 0, 0, 0, 0, 0, 0, 0, 0, 0, 0, 0]]"
下载 (4),下载 (4).png,781d0d3ddeb32cff0f14a55999169d77,"[[0, 0, 0, 0, 0, 0, 0, 0, 0, 0, 0, 0, 0, 0, 0], [0, 0, 0, 0, 0, 0, 0, 0, 0, 0, 0, 0, 0, 0, 0], [0, 0, 0, 0, 0, 0, 0, 0, 0, 0, 0, 0, 0, 0, 0], [0, 0, 0, 0, 0, 0, 0, 0, 0, 12, 9, 0, 0, 0, 0], [0, 0, 0, 0, 0, 5, 4, 2, 14, 10, 11, 0, 0, 0, 0], [0, 0, 76, 80, 82, 74, 6, 1, 21, 15, 19, 22, 0, 0, 45], [0, 0, 0, 73, 75, 8, 7, 33, 3, 18, 17, 30, 0, 44, 0], [0, 0, 71, 72, 29, 13, 57, 16, 24, 25, 20, 35, 36, 51, 0], [81, 67, 70, 27, 65, 0, 56, 23, 26, 40, 34, 37, 50, 0, 0], [0, 79, 28, 60, 61, 58, 42, 31, 68, 32, 39, 49, 38, 0, 0], [0, 0, 77, 78, 59, 41, 63, 64, 43, 46, 55, 0, 48, 0, 0], [0, 0, 0, 0, 66, 0, 62, 0, 0, 47, 0, 54, 53, 0, 0], [0, 0, 0, 0, 0, 69, 0, 0, 0, 0, 0, 0, 52, 0, 0], [0, 0, 0, 0, 0, 0, 0, 0, 0, 0, 0, 0, 0, 0, 0], [0, 0, 0, 0, 0, 0, 0, 0, 0, 0, 0, 0, 0, 0, 0]]"
下载 (41),下载 (41).png,a1b57bb2dfaeda91ab72bb80be1f1d9a,"[[0, 0, 0, 0, 0, 0, 0, 0, 0, 0, 0, 0, 0, 0, 0], [0, 0, 0, 0, 0, 0, 0, 0, 0, 0, 0, 0, 0, 0, 0], [0, 0, 0, 0, 0, 0, 0, 0, 36, 22, 20, 0, 0, 0, 0], [0, 0, 0, 0, 0, 0, 9, 0, 26, 23, 19, 0, 0, 0, 0], [0, 0, 0, 0, 0, 0, 0, 8, 13, 18, 15, 5, 0, 0, 0], [0, 0, 0, 0, 0, 0, 27, 11, 6, 14, 17, 10, 0, 0, 0], [0, 0, 0, 0, 35, 0, 16, 12, 2, 3, 29, 0, 0, 0, 0], [0, 0, 0, 34, 21, 33, 0, 1, 4, 0, 0, 0, 0, 0, 0], [0, 0, 0, 0, 32, 0, 25, 28, 0, 7, 0, 0, 0, 0, 0], [0, 0, 0, 0, 31, 30, 24, 0, 0, 0, 0, 0, 0, 0, 0], [0, 0, 0, 0, 0, 0, 0, 0, 0, 0, 0, 0, 0, 0, 0], [0, 0, 0, 0, 0, 0, 0, 0, 0, 0, 0, 0, 0, 0, 0], [0, 0, 0, 0, 0, 0, 0, 0, 0, 0, 0, 0, 0, 0, 0], [0, 0, 0, 0, 0, 0, 0, 0, 0, 0, 0, 0, 0, 0, 0], [0, 0, 0, 0, 0, 0, 0, 0, 0, 0, 0, 0, 0, 0, 0]]"
下载 (42),下载 (42).png,680abad6e0fe91333dd89b08f4b3bd1b,"[[0, 0, 0, 0, 0, 0, 0, 0, 0, 0, 0, 0, 0, 0, 0], [0, 0, 0, 0, 0, 0, 0, 0, 0, 0, 0, 0, 0, 0, 0], [0, 0, 0, 0, 0, 0, 0, 0, 0, 0, 0, 0, 0, 0, 0], [0, 0, 0, 0, 0, 0, 0, 0, 0, 0, 0, 0, 0, 0, 0], [0, 0, 0, 0, 0, 0, 0, 0, 0, 0, 0, 0, 0, 0, 0], [0, 0, 0, 0, 0, 0, 0, 0, 2, 10, 13, 12, 0, 0, 0], [0, 0, 0, 0, 0, 0, 6, 1, 18, 9, 11, 17, 21, 22, 0], [0, 0, 0, 0, 0, 0, 3, 8, 7, 0, 0, 0, 19, 25, 0], [0, 0, 0, 0, 0, 0, 4, 5, 0, 14, 0, 0, 23, 20, 0], [0, 0, 0, 0, 0, 0, 0, 0, 15, 0, 0, 0, 0, 24, 0], [0, 0, 0, 0, 0, 0, 0, 0, 16, 0, 0, 0, 0, 0, 0], [0, 0, 0, 0, 0, 0, 0, 0, 0, 0, 0, 0, 0, 0, 0], [0, 0, 0, 0, 0, 0, 0, 0, 0, 0, 0, 0, 0, 0, 0], [0, 0, 0, 0, 0, 0, 0, 0, 0, 0, 0, 0, 0, 0, 0], [0, 0, 0, 0, 0, 0, 0, 0, 0, 0, 0, 0, 0, 0, 0]]"
下载 (43),下载 (43).png,a3dd90cac153e694d0a2f235cb9729b0,"[[0, 0, 0, 0, 0, 0, 0, 0, 0, 0, 0, 0, 0, 0, 0], [0, 0, 0, 0, 0, 0, 0, 0, 0, 0, 0, 0, 53, 0, 0], [0, 0, 0, 0, 0, 0, 45, 41, 0, 0, 0, 52, 0, 0, 0], [0, 0, 0, 0, 11, 0, 0, 24, 0, 0, 44, 0, 46, 0, 0], [0, 0, 0, 0, 0, 40, 0, 8, 0, 15, 0, 0, 0, 0, 0], [0, 0, 0, 35, 0, 0, 39, 10, 0, 23, 33, 0, 43, 0, 0], [0, 0, 37, 0, 29, 30, 4, 9, 2, 0, 0, 42, 0, 51, 0], [0, 0, 38, 0, 36, 14, 13, 1, 57, 6, 0, 48, 54, 0, 0], [0, 0, 0, 0, 0, 20, 25, 68, 3, 12, 7, 0, 55, 0, 0], [0, 72, 21, 26, 63, 0, 0, 5, 19, 16, 56, 0, 0, 0, 0], [0, 74, 0, 73, 31, 0, 0, 0, 18, 28, 17, 0, 0, 0, 0], [0, 0, 0, 67, 66, 32, 0, 64, 0, 27, 0, 22, 0, 0, 0], [0, 0, 69, 0, 0, 0, 62, 59, 49, 0, 0, 0, 0, 0, 0], [0, 70, 0, 61, 60, 58, 50, 0, 0, 0, 0, 0, 0, 0, 0], [0, 0, 0, 65, 0, 0, 0, 71, 0, 0, 0, 0, 0, 0, 0]]"
下载 (45),下载 (45).png,3b1253848f4ec20b51f97a3cac609f40,"[[0, 0, 0, 0, 0, 0, 0, 0, 0, 0, 0, 0, 0, 0, 0], [0, 0, 0, 0, 0, 0, 0, 0, 0, 0, 0, 0, 0, 0, 0], [0, 0, 0, 0, 0, 0, 0, 0, 16, 0, 0, 0, 0, 0, 0], [0, 0, 0, 0, 0, 0, 0, 17, 0, 5, 0, 0, 0, 0, 0], [0, 0, 0, 0, 0, 0, 2, 0, 8, 13, 12, 0, 0, 0, 0], [0, 0, 0, 0, 18, 0, 1, 10, 3, 9, 35, 36, 33, 0, 0], [0, 0, 0, 0, 0, 15, 0, 4, 6, 7, 14, 34, 0, 0, 0], [0, 0, 0, 0, 0, 21, 22, 0, 19, 11, 31, 0, 0, 0, 0], [0, 0, 0, 0, 0, 0, 26, 19, 25, 23, 30, 29, 0, 0, 0], [0, 0, 0, 0, 0, 0, 20, 0, 0, 24, 0, 0, 32, 0, 0], [0, 0, 0, 0, 0, 0, 27, 28, 0, 0, 0, 0, 0, 0, 0], [0, 0, 0, 0, 0, 0, 0, 0, 0, 0, 0, 0, 0, 0, 0], [0, 0, 0, 0, 0, 0, 0, 0, 0, 0, 0, 0, 0, 0, 0], [0, 0, 0, 0, 0, 0, 0, 0, 0, 0, 0, 0, 0, 0, 0], [0, 0, 0, 0, 0, 0, 0, 0, 0, 0, 0, 0, 0, 0, 0]]"
下载 (46),下载 (46).png,efef7ee6a0305355caec91c5dadc7574,"[[0, 0, 0, 0, 0, 0, 0, 0, 0, 0, 0, 0, 0, 0, 0], [0, 0, 0, 0, 0, 0, 0, 0, 0, 0, 0, 0, 0, 0, 0], [0, 0, 0, 0, 0, 0, 0, 0, 0, 0, 0, 0, 0, 0, 0], [0, 0, 0, 0, 0, 0, 45, 0, 42, 36, 46, 0, 47, 0, 0], [0, 0, 0, 0, 0, 0, 0, 48, 37, 29, 38, 0, 23, 0, 0], [0, 0, 0, 0, 0, 0, 0, 40, 0, 28, 35, 0, 20, 0, 0], [0, 0, 0, 0, 0, 43, 0, 32, 0, 2, 17, 16, 21, 0, 31], [0, 0, 0, 0, 0, 0, 39, 0, 26, 0, 1, 15, 0, 14, 30], [0, 0, 0, 0, 0, 0, 0, 44, 4, 41, 0, 3, 22, 13, 18], [0, 0, 0, 34, 33, 25, 27, 0, 0, 6, 8, 9, 0, 19, 0], [0, 0, 0, 0, 0, 0, 0, 24, 5, 11, 7, 0, 12, 0, 0], [0, 0, 0, 0, 0, 0, 0, 0, 0, 0, 10, 0, 0, 0, 0], [0, 0, 0, 0, 0, 0, 0, 0, 0, 0, 0, 0, 0, 0, 0], [0, 0, 0, 0, 0, 0, 0, 0, 0, 0, 0, 0, 0, 0, 0], [0, 0, 0, 0, 0, 0, 0, 0, 0, 0, 0, 0, 0, 0, 0]]"
下载 (47),下载 (47).png,0857e25763f4da408b68ed7af621fb68,"[[0, 0, 0, 0, 0, 0, 0, 0, 0, 0, 0, 0, 0, 0, 0], [0, 0, 0, 0, 0, 0, 0, 0, 0, 0, 0, 0, 0, 0, 0], [0, 0, 0, 0, 0, 0, 0, 33, 45, 0, 0, 0, 0, 0, 0], [0, 0, 0, 0, 0, 0, 27, 0, 32, 29, 0, 0, 0, 0, 0], [0, 0, 0, 0, 0, 0, 0, 24, 31, 28, 30, 0, 9, 0, 0], [0, 0, 0, 0, 0, 0, 0, 25, 26, 21, 11, 8, 43, 0, 0], [0, 0, 0, 0, 0, 0, 23, 22, 0, 12, 6, 13, 0, 0, 0], [0, 0, 0, 0, 0, 34, 0, 0, 5, 2, 14, 18, 16, 19, 0], [0, 0, 0, 0, 0, 0, 0, 0, 4, 0, 1, 0, 15, 20, 0], [0, 0, 0, 0, 0, 0, 0, 7, 0, 42, 10, 3, 0, 40, 0], [0, 0, 0, 0, 0, 0, 0, 35, 0, 36, 17, 0, 41, 0, 0], [0, 0, 0, 0, 0, 0, 0, 37, 39, 0, 0, 0, 0, 0, 0], [0, 0, 0, 0, 0, 0, 0, 0, 38, 0, 44, 0, 0, 0, 0], [0, 0, 0, 0, 0, 0, 0, 0, 0, 0, 0, 0, 0, 0, 0], [0, 0, 0, 0, 0, 0, 0, 0, 0, 0, 0, 0, 0, 0, 0]]"
下载 (48),下载 (48).png,5de3375c795a07ce28cb6084cdc57f42,"[[0, 0, 0, 0, 0, 0, 0, 0, 0, 0, 0, 0, 0, 0, 0], [0, 0, 0, 0, 0, 0, 0, 0, 17, 0, 0, 0, 0, 0, 0], [0, 0, 0, 0, 0, 0, 0, 0, 14, 0, 0, 0, 0, 0, 0], [0, 0, 0, 0, 0, 0, 0, 0, 16, 0, 7, 0, 0, 0, 0], [0, 0, 0, 0, 0, 8, 13, 12, 6, 18, 0, 0, 0, 0, 0], [0, 0, 0, 0, 0, 10, 5, 2, 0, 15, 0, 0, 0, 0, 0], [0, 0, 0, 0, 0, 11, 4, 1, 0, 0, 0, 0, 0, 0, 0], [0, 0, 0, 0, 0, 0, 0, 9, 0, 3, 0, 0, 0, 0, 0], [0, 0, 0, 0, 0, 0, 0, 0, 0, 0, 0, 0, 0, 0, 0], [0, 0, 0, 0, 0, 0, 0, 0, 0, 0, 0, 0, 0, 0, 0], [0, 0, 0, 0, 0, 0, 0, 0, 0, 0, 0, 0, 0, 0, 0], [0, 0, 0, 0, 0, 0, 0, 0, 0, 0, 0, 0, 0, 0, 0], [0, 0, 0, 0, 0, 0, 0, 0, 0, 0, 0, 0, 0, 0, 0], [0, 0, 0, 0, 0, 0, 0, 0, 0, 0, 0, 0, 0, 0, 0], [0, 0, 0, 0, 0, 0, 0, 0, 0, 0, 0, 0, 0, 0, 0]]"
下载 (49),下载 (49).png,0025967ea896dc24f91503030f972cae,"[[0, 0, 0, 0, 0, 0, 0, 0, 0, 0, 0, 0, 0, 0, 0], [0, 0, 0, 0, 0, 0, 0, 0, 0, 0, 0, 0, 0, 0, 0], [0, 0, 0, 0, 0, 0, 0, 0, 0, 0, 0, 0, 0, 0, 0], [0, 0, 0, 0, 0, 0, 0, 0, 0, 34, 37, 38, 0, 0, 0], [0, 0, 0, 0, 0, 0, 0, 0, 0, 0, 36, 0, 30, 0, 0], [0, 0, 0, 0, 0, 0, 0, 24, 0, 0, 16, 0, 29, 0, 0], [0, 0, 0, 0, 0, 0, 33, 0, 4, 2, 5, 0, 32, 31, 0], [0, 0, 0, 0, 0, 19, 0, 0, 6, 9, 14, 0, 13, 0, 0], [0, 0, 0, 0, 23, 20, 0, 1, 17, 7, 8, 0, 0, 0, 0], [0, 0, 0, 28, 21, 22, 0, 3, 0, 0, 0, 0, 0, 0, 0], [0, 0, 27, 26, 0, 0, 0, 18, 11, 10, 0, 0, 0, 0, 0], [0, 0, 0, 25, 0, 0, 12, 0, 0, 0, 0, 0, 0, 0, 0], [0, 0, 0, 0, 0, 0, 0, 35, 0, 0, 0, 0, 0, 0, 0], [0, 0, 0, 0, 0, 0, 0, 0, 0, 0, 0, 0, 0, 0, 0], [0, 0, 0, 0, 0, 0, 0, 0, 0, 0, 0, 0, 0, 0, 0]]"
下载 (5),下载 (5).png,1eb9286db31db0e2cbc350cbe2eaa6ae,"[[0, 0, 0, 0, 0, 0, 0, 0, 0, 0, 0, 0, 0, 0, 0], [0, 0, 0, 0, 0, 0, 0, 0, 0, 0, 0, 0, 0, 0, 0], [0, 0, 0, 0, 0, 0, 0, 0, 0, 10, 0, 0, 0, 0, 0], [0, 0, 0, 0, 0, 0, 0, 0, 13, 11, 0, 0, 0, 0, 0], [0, 0, 0, 0, 0, 0, 0, 12, 3, 8, 0, 0, 0, 0, 0], [0, 0, 0, 0, 0, 0, 0, 14, 2, 4, 7, 0, 0, 0, 0], [0, 0, 0, 0, 0, 0, 0, 1, 5, 6, 0, 0, 0, 0, 0], [0, 0, 0, 0, 0, 0, 0, 0, 0, 9, 0, 0, 0, 0, 0], [0, 0, 0, 0, 0, 0, 0, 0, 0, 0, 0, 0, 0, 0, 0], [0, 0, 0, 0, 0, 0, 0, 0, 0, 0, 0, 0, 0, 0, 0], [0, 0, 0, 0, 0, 0, 0, 0, 0, 0, 0, 0, 0, 0, 0], [0, 0, 0, 0, 0, 0, 0, 0, 0, 0, 0, 0, 0, 0, 0], [0, 0, 0, 0, 0, 0, 0, 0, 0, 0, 0, 0, 0, 0, 0], [0, 0, 0, 0, 0, 0, 0, 0, 0, 0, 0, 0, 0, 0, 0], [0, 0, 0, 0, 0, 0, 0, 0, 0, 0, 0, 0, 0, 0, 0]]"
下载 (50),下载 (50).png,5ee56d7efed79bd8d218dfc1075c90d8,"[[0, 0, 0, 0, 0, 0, 0, 0, 0, 0, 0, 0, 0, 0, 0], [0, 0, 0, 0, 0, 0, 0, 0, 0, 0, 0, 0, 0, 0, 0], [0, 0, 0, 0, 0, 0, 0, 0, 0, 0, 0, 0, 0, 0, 0], [0, 0, 0, 0, 0, 0, 0, 0, 13, 14, 0, 0, 0, 0, 0], [0, 0, 0, 0, 0, 0, 0, 0, 5, 0, 0, 0, 0, 0, 0], [0, 0, 0, 0, 0, 0, 10, 2, 4, 6, 9, 16, 0, 0, 0], [0, 0, 0, 0, 0, 0, 7, 0, 0, 0, 0, 0, 19, 0, 0], [0, 0, 0, 0, 0, 0, 12, 1, 11, 0, 20, 15, 24, 0, 0], [0, 0, 0, 0, 0, 0, 3, 0, 8, 21, 0, 23, 25, 0, 0], [0, 0, 0, 0, 0, 0, 0, 0, 0, 0, 0, 19, 0, 26, 0], [0, 0, 0, 0, 0, 0, 0, 0, 18, 17, 0, 22, 0, 0, 0], [0, 0, 0, 0, 0, 0, 0, 0, 0, 27, 0, 0, 0, 0, 0], [0, 0, 0, 0, 0, 0, 0, 0, 0, 0, 0, 0, 0, 0, 0], [0, 0, 0, 0, 0, 0, 0, 0, 0, 0, 0, 0, 0, 0, 0], [0, 0, 0, 0, 0, 0, 0, 0, 0, 0, 0, 0, 0, 0, 0]]"
下载 (52),下载 (52).png,c24467ab54c1969c67ce079463fcba90,"[[0, 0, 0, 0, 0, 0, 0, 0, 0, 0, 0, 0, 0, 0, 0], [0, 0, 0, 0, 0, 0, 0, 0, 70, 0, 0, 0, 0, 0, 0], [0, 0, 0, 0, 0, 0, 66, 69, 61, 73, 0, 0, 0, 0, 0], [0, 0, 0, 0, 0, 63, 30, 67, 72, 74, 0, 0, 0, 0, 0], [0, 0, 0, 0, 26, 29, 0, 32, 71, 0, 18, 39, 0, 0, 0], [0, 0, 0, 58, 25, 27, 28, 11, 60, 31, 17, 0, 38, 0, 0], [0, 59, 62, 0, 21, 10, 14, 2, 15, 0, 13, 24, 40, 0, 0], [0, 0, 22, 50, 5, 9, 1, 6, 12, 23, 20, 0, 0, 41, 0], [0, 0, 56, 49, 0, 34, 3, 8, 19, 42, 53, 65, 0, 0, 0], [0, 0, 37, 48, 33, 0, 4, 7, 43, 0, 0, 64, 0, 0, 0], [0, 57, 0, 47, 46, 36, 0, 44, 45, 16, 0, 0, 0, 0, 0], [0, 0, 0, 52, 35, 51, 0, 0, 68, 0, 0, 0, 0, 0, 0], [0, 0, 0, 54, 0, 0, 0, 75, 0, 76, 0, 0, 0, 0, 0], [0, 0, 55, 0, 0, 0, 0, 0, 0, 0, 0, 0, 0, 0, 0], [0, 0, 0, 0, 0, 0, 0, 0, 0, 0, 77, 0, 0, 0, 0]]"
下载 (53),下载 (53).png,f4f445ed600812cc25b86c7603afe8ca,"[[0, 0, 0, 0, 0, 0, 0, 0, 0, 0, 0, 0, 0, 0, 0], [0, 0, 0, 0, 0, 0, 0, 0, 0, 0, 0, 0, 0, 0, 0], [0, 0, 0, 0, 0, 0, 0, 31, 17, 33, 36, 0, 0, 0, 0], [0, 0, 0, 22, 55, 9, 14, 28, 16, 37, 0, 0, 0, 0, 0], [0, 0, 0, 19, 32, 12, 6, 13, 0, 58, 57, 0, 0, 0, 0], [0, 56, 21, 10, 11, 2, 3, 59, 0, 42, 0, 0, 73, 0, 0], [54, 53, 29, 15, 27, 18, 0, 1, 4, 38, 41, 0, 60, 0, 0], [35, 30, 34, 24, 26, 5, 8, 44, 71, 7, 43, 0, 72, 0, 0], [0, 0, 0, 0, 25, 20, 0, 51, 46, 48, 62, 0, 65, 0, 0], [0, 0, 0, 0, 45, 23, 40, 39, 61, 66, 74, 0, 0, 0, 0], [0, 0, 0, 0, 63, 49, 68, 67, 79, 70, 78, 0, 0, 0, 0], [0, 0, 0, 0, 50, 0, 47, 52, 69, 0, 77, 0, 0, 0, 0], [0, 0, 0, 0, 0, 0, 0, 64, 75, 0, 0, 0, 0, 0, 0], [0, 0, 0, 0, 0, 0, 0, 0, 76, 0, 0, 0, 0, 0, 0], [0, 0, 0, 0, 0, 0, 0, 0, 0, 0, 0, 0, 0, 0, 0]]"
下载 (54),下载 (54).png,9df0eb18299fcdb95e575c7d842ac5e1,"[[0, 0, 0, 0, 0, 0, 0, 0, 0, 0, 0, 0, 0, 0, 0], [0, 0, 0, 0, 0, 0, 0, 0, 0, 0, 0, 0, 0, 0, 0], [0, 0, 0, 0, 0, 0, 22, 12, 26, 0, 0, 0, 0, 0, 0], [0, 0, 0, 0, 0, 0, 0, 11, 0, 20, 0, 0, 0, 0, 0], [0, 0, 0, 0, 0, 25, 18, 9, 17, 0, 14, 0, 0, 0, 0], [0, 0, 0, 0, 0, 0, 8, 7, 24, 21, 13, 23, 0, 0, 0], [0, 0, 0, 0, 0, 19, 0, 0, 0, 3, 0, 0, 0, 0, 0], [0, 0, 0, 0, 0, 0, 10, 1, 2, 0, 16, 6, 0, 0, 0], [0, 0, 0, 0, 0, 0, 0, 4, 15, 5, 0, 0, 0, 0, 0], [0, 0, 0, 0, 0, 0, 0, 0, 0, 0, 0, 0, 0, 0, 0], [0, 0, 0, 0, 0, 0, 0, 0, 0, 0, 0, 0, 0, 0, 0], [0, 0, 0, 0, 0, 0, 0, 0, 0, 0, 0, 0, 0, 0, 0], [0, 0, 0, 0, 0, 0, 0, 0, 0, 0, 0, 0, 0, 0, 0], [0, 0, 0, 0, 0, 0, 0, 0, 0, 0, 0, 0, 0, 0, 0], [0, 0, 0, 0, 0, 0, 0, 0, 0, 0, 0, 0, 0, 0, 0]]"
下载 (55),下载 (55).png,7032f3f340409000a2e3dfe5cd44996b,"[[0, 0, 0, 0, 0, 0, 0, 0, 0, 0, 0, 0, 0, 0, 0], [0, 0, 0, 0, 0, 0, 0, 27, 34, 31, 32, 0, 0, 0, 0], [0, 0, 0, 0, 0, 0, 0, 36, 26, 28, 0, 0, 0, 0, 0], [0, 0, 0, 0, 0, 0, 0, 35, 33, 30, 0, 0, 0, 0, 0], [0, 0, 0, 0, 0, 0, 29, 22, 9, 16, 13, 15, 0, 0, 0], [0, 0, 0, 0, 0, 0, 0, 20, 21, 8, 14, 17, 18, 0, 0], [0, 0, 0, 0, 0, 0, 23, 10, 11, 2, 3, 0, 0, 0, 0], [0, 0, 0, 0, 0, 0, 12, 5, 24, 1, 4, 0, 0, 0, 0], [0, 0, 0, 0, 0, 0, 0, 7, 6, 25, 0, 19, 0, 0, 0], [0, 0, 0, 0, 0, 0, 0, 0, 0, 0, 0, 0, 0, 0, 0], [0, 0, 0, 0, 0, 0, 0, 0, 0, 0, 0, 0, 0, 0, 0], [0, 0, 0, 0, 0, 0, 0, 0, 0, 0, 0, 0, 0, 0, 0], [0, 0, 0, 0, 0, 0, 0, 0, 0, 0, 0, 0, 0, 0, 0], [0, 0, 0, 0, 0, 0, 0, 0, 0, 0, 0, 0, 0, 0, 0], [0, 0, 0, 0, 0, 0, 0, 0, 0, 0, 0, 0, 0, 0, 0]]"
下载 (56),下载 (56).png,9c3e2ca2e7c54ffce964290a6467989f,"[[0, 0, 0, 0, 0, 0, 0, 0, 0, 0, 0, 0, 0, 0, 0], [0, 0, 0, 0, 0, 0, 0, 0, 18, 0, 0, 0, 0, 0, 0], [0, 0, 0, 0, 0, 24, 23, 21, 17, 37, 38, 0, 0, 0, 0], [0, 0, 0, 0, 36, 0, 0, 0, 22, 15, 12, 0, 0, 0, 0], [0, 0, 0, 34, 31, 33, 13, 0, 14, 11, 20, 0, 0, 0, 0], [0, 41, 35, 39, 42, 26, 4, 7, 3, 29, 19, 30, 0, 0, 0], [0, 0, 40, 32, 0, 25, 44, 2, 8, 9, 0, 0, 0, 0, 0], [0, 0, 0, 0, 27, 1, 28, 5, 0, 10, 0, 0, 0, 0, 0], [0, 0, 0, 43, 0, 16, 0, 6, 47, 45, 0, 0, 0, 0, 0], [0, 0, 0, 0, 0, 0, 0, 49, 0, 46, 0, 0, 0, 0, 0], [0, 0, 0, 0, 50, 0, 0, 0, 48, 0, 0, 0, 0, 0, 0], [0, 0, 0, 0, 0, 0, 0, 0, 0, 0, 0, 0, 0, 0, 0], [0, 0, 0, 0, 0, 0, 0, 0, 0, 0, 0, 0, 0, 0, 0], [0, 0, 0, 0, 0, 0, 0, 0, 0, 0, 0, 0, 0, 0, 0], [0, 0, 0, 0, 0, 0, 0, 0, 0, 0, 0, 0, 0, 0, 0]]"
下载 (57),下载 (57).png,00164cbf48baf63db2fded225844cfc3,"[[0, 0, 0, 0, 0, 0, 0, 0, 0, 0, 0, 0, 0, 0, 0], [0, 0, 0, 0, 0, 0, 0, 0, 30, 0, 0, 0, 0, 0, 0], [0, 0, 0, 0, 0, 0, 0, 27, 0, 0, 0, 0, 0, 0, 0], [0, 0, 0, 0, 0, 0, 28, 22, 0, 21, 0, 0, 0, 0, 0], [0, 0, 0, 0, 0, 36, 29, 20, 15, 0, 0, 0, 0, 0, 0], [0, 0, 0, 0, 25, 19, 26, 0, 3, 4, 0, 0, 0, 0, 0], [0, 0, 0, 0, 0, 16, 17, 2, 0, 0, 5, 0, 0, 0, 0], [0, 0, 31, 0, 35, 18, 32, 1, 0, 0, 0, 8, 0, 0, 0], [49, 0, 0, 0, 0, 0, 31, 24, 6, 7, 0, 0, 0, 0, 0], [0, 50, 0, 0, 0, 10, 9, 0, 0, 0, 12, 0, 0, 0, 0], [0, 0, 33, 38, 23, 13, 0, 14, 0, 0, 11, 0, 0, 0, 0], [0, 48, 45, 43, 37, 0, 34, 0, 0, 0, 0, 0, 0, 0, 0], [0, 0, 0, 41, 0, 39, 0, 0, 0, 0, 0, 0, 0, 0, 0], [0, 0, 42, 44, 46, 47, 40, 0, 0, 0, 0, 0, 0, 0, 0], [0, 0, 0, 0, 0, 0, 0, 0, 0, 0, 0, 0, 0, 0, 0]]"
下载 (59),下载 (59).png,d10f394c8a0d691d7d5581c098a8d900,"[[0, 0, 0, 0, 0, 0, 0, 0, 0, 0, 0, 0, 0, 0, 0], [0, 0, 0, 0, 0, 0, 0, 0, 0, 0, 0, 0, 0, 0, 0], [0, 0, 0, 0, 0, 0, 0, 0, 0, 0, 0, 0, 0, 0, 0], [0, 0, 0, 0, 0, 0, 0, 0, 21, 25, 0, 0, 0, 0, 0], [0, 0, 0, 0, 0, 0, 0, 14, 24, 7, 17, 23, 0, 0, 0], [0, 0, 0, 0, 0, 0, 0, 8, 6, 11, 22, 0, 0, 0, 0], [0, 0, 0, 0, 0, 5, 2, 18, 12, 0, 15, 0, 0, 0, 0], [0, 0, 0, 0, 0, 4, 1, 19, 0, 13, 20, 0, 0, 0, 0], [0, 0, 0, 0, 0, 0, 9, 10, 3, 0, 0, 0, 0, 0, 0], [0, 0, 0, 0, 0, 0, 0, 16, 0, 0, 0, 0, 0, 0, 0], [0, 0, 0, 0, 0, 0, 0, 0, 0, 0, 0, 0, 0, 0, 0], [0, 0, 0, 0, 0, 0, 0, 0, 0, 0, 0, 0, 0, 0, 0], [0, 0, 0, 0, 0, 0, 0, 0, 0, 0, 0, 0, 0, 0, 0], [0, 0, 0, 0, 0, 0, 0, 0, 0, 0, 0, 0, 0, 0, 0], [0, 0, 0, 0, 0, 0, 0, 0, 0, 0, 0, 0, 0, 0, 0]]"
下载 (58),下载 (58).png,4666b3c898f016ec798914394c5f32a9,"[[0, 0, 0, 0, 0, 0, 0, 0, 0, 0, 0, 0, 0, 0, 0], [0, 0, 0, 0, 0, 0, 0, 0, 0, 0, 0, 0, 0, 0, 0], [0, 0, 0, 0, 0, 0, 0, 0, 0, 0, 0, 0, 0, 0, 0], [0, 0, 0, 0, 0, 0, 22, 0, 20, 0, 21, 0, 0, 0, 0], [0, 0, 0, 0, 0, 0, 23, 0, 24, 0, 8, 11, 0, 0, 0], [0, 0, 0, 0, 0, 19, 16, 0, 14, 3, 6, 5, 0, 0, 0], [0, 0, 0, 0, 0, 0, 18, 17, 15, 7, 2, 4, 12, 0, 0], [0, 0, 0, 0, 0, 0, 0, 0, 10, 1, 9, 0, 13, 0, 0], [0, 0, 0, 0, 0, 0, 0, 0, 0, 0, 0, 0, 0, 0, 0], [0, 0, 0, 0, 0, 0, 0, 0, 0, 0, 0, 0, 0, 0, 0], [0, 0, 0, 0, 0, 0, 0, 0, 0, 0, 0, 0, 0, 0, 0], [0, 0, 0, 0, 0, 0, 0, 0, 0, 0, 0, 0, 0, 0, 0], [0, 0, 0, 0, 0, 0, 0, 0, 0, 0, 0, 0, 0, 0, 0], [0, 0, 0, 0, 0, 0, 0, 0, 0, 0, 0, 0, 0, 0, 0], [0, 0, 0, 0, 0, 0, 0, 0, 0, 0, 0, 0, 0, 0, 0]]"
下载 (6),下载 (6).png,e21a6766e00f82c62c4e06270cbf976c,"[[0, 0, 0, 0, 0, 0, 0, 0, 0, 0, 0, 0, 0, 0, 0], [0, 0, 0, 0, 0, 0, 0, 0, 0, 0, 0, 0, 0, 0, 0], [0, 0, 0, 0, 0, 0, 0, 0, 0, 0, 0, 0, 0, 0, 0], [0, 0, 0, 0, 0, 0, 0, 0, 0, 0, 0, 0, 0, 0, 0], [0, 0, 0, 0, 0, 0, 0, 0, 5, 6, 0, 0, 0, 0, 0], [0, 0, 0, 0, 0, 0, 0, 8, 2, 9, 10, 0, 0, 0, 0], [0, 0, 0, 0, 0, 0, 0, 0, 1, 4, 0, 0, 0, 0, 0], [0, 0, 0, 0, 0, 0, 0, 11, 16, 7, 0, 0, 0, 0, 0], [0, 0, 0, 0, 0, 0, 0, 12, 3, 0, 0, 0, 0, 0, 0], [0, 0, 0, 0, 0, 0, 0, 0, 13, 0, 0, 0, 0, 0, 0], [0, 0, 0, 0, 0, 0, 0, 14, 0, 0, 0, 0, 0, 0, 0], [0, 0, 0, 0, 0, 0, 0, 0, 0, 0, 0, 0, 0, 0, 0], [0, 0, 0, 0, 0, 0, 0, 0, 0, 0, 0, 0, 0, 0, 0], [0, 0, 0, 0, 0, 0, 0, 0, 0, 0, 0, 0, 0, 0, 0], [0, 0, 0, 0, 0, 0, 0, 0, 0, 0, 0, 0, 0, 0, 0]]"
下载 (60),下载 (60).png,65c2eb22a042ce9f4f48ac95ca5452ce,"[[0, 0, 0, 0, 0, 0, 0, 0, 0, 0, 0, 0, 0, 0, 0], [0, 0, 0, 0, 0, 0, 0, 0, 22, 0, 0, 0, 0, 0, 0], [0, 0, 0, 0, 0, 0, 23, 0, 21, 18, 0, 0, 0, 0, 0], [0, 0, 0, 0, 0, 0, 0, 13, 20, 19, 17, 0, 0, 0, 0], [0, 0, 0, 0, 0, 0, 15, 0, 0, 4, 7, 3, 10, 0, 0], [0, 0, 0, 0, 0, 0, 0, 0, 0, 2, 8, 9, 0, 0, 0], [0, 0, 0, 0, 0, 0, 0, 14, 0, 1, 11, 5, 12, 0, 0], [0, 0, 0, 0, 0, 0, 0, 0, 25, 24, 6, 16, 0, 0, 0], [0, 0, 0, 0, 0, 0, 0, 0, 0, 0, 26, 0, 0, 0, 0], [0, 0, 0, 0, 0, 0, 0, 0, 0, 0, 0, 0, 0, 0, 0], [0, 0, 0, 0, 0, 0, 0, 0, 0, 0, 0, 0, 0, 0, 0], [0, 0, 0, 0, 0, 0, 0, 0, 0, 0, 0, 0, 0, 0, 0], [0, 0, 0, 0, 0, 0, 0, 0, 0, 0, 0, 0, 0, 0, 0], [0, 0, 0, 0, 0, 0, 0, 0, 0, 0, 0, 0, 0, 0, 0], [0, 0, 0, 0, 0, 0, 0, 0, 0, 0, 0, 0, 0, 0, 0]]"
下载 (61),下载 (61).png,c3ca70c2bb1dcf58233495125f12cc60,"[[0, 0, 0, 0, 0, 0, 0, 0, 0, 0, 0, 0, 0, 0, 0], [0, 0, 0, 0, 0, 0, 0, 0, 0, 0, 0, 0, 0, 0, 0], [0, 0, 0, 0, 0, 0, 0, 0, 34, 0, 0, 0, 0, 0, 0], [0, 0, 0, 0, 0, 0, 41, 42, 15, 39, 7, 40, 3, 10, 0], [0, 0, 0, 0, 0, 0, 44, 31, 0, 8, 2, 9, 6, 0, 0], [0, 38, 0, 0, 33, 22, 30, 0, 0, 1, 4, 16, 0, 0, 0], [0, 46, 35, 43, 45, 13, 14, 5, 11, 20, 19, 0, 0, 0, 0], [0, 36, 0, 37, 49, 47, 17, 24, 12, 25, 0, 0, 0, 0, 0], [0, 0, 0, 0, 18, 48, 21, 26, 0, 0, 0, 0, 0, 0, 0], [0, 0, 0, 0, 0, 0, 23, 27, 29, 32, 0, 0, 0, 0, 0], [0, 0, 0, 0, 0, 0, 0, 0, 28, 0, 0, 0, 0, 0, 0], [0, 0, 0, 0, 0, 0, 0, 0, 0, 0, 0, 0, 0, 0, 0], [0, 0, 0, 0, 0, 0, 0, 0, 0, 0, 0, 0, 0, 0, 0], [0, 0, 0, 0, 0, 0, 0, 0, 0, 0, 0, 0, 0, 0, 0], [0, 0, 0, 0, 0, 0, 0, 0, 0, 0, 0, 0, 0, 0, 0]]"
下载 (62),下载 (62).png,0d9dc88a5c9866b32b121c3d215be0ad,"[[0, 0, 0, 0, 0, 0, 0, 0, 0, 0, 0, 0, 0, 0, 0], [0, 0, 0, 0, 0, 0, 0, 0, 0, 0, 0, 0, 0, 0, 0], [0, 0, 0, 0, 0, 0, 0, 0, 0, 0, 0, 0, 0, 0, 0], [0, 0, 0, 0, 0, 0, 0, 0, 0, 0, 0, 0, 0, 0, 0], [0, 0, 0, 0, 0, 0, 0, 0, 0, 0, 11, 0, 0, 0, 0], [0, 0, 0, 0, 5, 0, 0, 2, 9, 8, 0, 0, 0, 0, 0], [0, 0, 0, 0, 0, 15, 1, 3, 6, 0, 0, 0, 0, 0, 0], [0, 0, 0, 0, 13, 0, 4, 10, 0, 7, 0, 0, 0, 0, 0], [0, 0, 0, 0, 14, 0, 17, 0, 0, 0, 0, 0, 0, 0, 0], [0, 0, 0, 0, 0, 16, 0, 0, 12, 0, 0, 0, 0, 0, 0], [0, 0, 0, 0, 0, 0, 18, 0, 0, 0, 0, 0, 0, 0, 0], [0, 0, 0, 0, 0, 0, 0, 0, 0, 0, 0, 0, 0, 0, 0], [0, 0, 0, 0, 0, 0, 0, 0, 0, 0, 0, 0, 0, 0, 0], [0, 0, 0, 0, 0, 0, 0, 0, 0, 0, 0, 0, 0, 0, 0], [0, 0, 0, 0, 0, 0, 0, 0, 0, 0, 0, 0, 0, 0, 0]]"
下载 (64),下载 (64).png,cc654b4a51045f216b6397d90eeacbdf,"[[0, 0, 0, 0, 0, 0, 0, 0, 0, 0, 0, 0, 0, 0, 0], [0, 0, 0, 0, 0, 0, 0, 0, 0, 0, 0, 0, 0, 0, 0], [0, 0, 0, 0, 0, 0, 0, 0, 0, 0, 0, 0, 0, 0, 0], [0, 0, 0, 0, 0, 0, 0, 0, 0, 0, 0, 0, 0, 0, 0], [0, 0, 0, 0, 0, 0, 0, 0, 0, 0, 15, 0, 0, 0, 0], [0, 0, 0, 0, 0, 0, 4, 7, 3, 14, 0, 0, 0, 0, 0], [0, 0, 0, 0, 0, 13, 0, 2, 8, 9, 0, 0, 0, 0, 0], [0, 0, 0, 0, 0, 0, 12, 1, 0, 5, 0, 10, 0, 0, 0], [0, 0, 0, 0, 20, 16, 0, 23, 6, 0, 0, 0, 0, 0, 0], [0, 0, 0, 18, 0, 22, 17, 21, 11, 0, 0, 0, 0, 0, 0], [0, 0, 0, 0, 19, 0, 0, 0, 0, 0, 0, 0, 0, 0, 0], [0, 0, 0, 0, 0, 0, 0, 24, 0, 0, 0, 0, 0, 0, 0], [0, 0, 0, 0, 0, 0, 0, 0, 0, 0, 0, 0, 0, 0, 0], [0, 0, 0, 0, 0, 0, 0, 0, 0, 0, 0, 0, 0, 0, 0], [0, 0, 0, 0, 0, 0, 0, 0, 0, 0, 0, 0, 0, 0, 0]]"
下载 (63),下载 (63).png,1733aaa2af0bf0aabe8c071cf3cda0c9,"[[0, 0, 0, 0, 0, 0, 0, 0, 0, 0, 0, 0, 0, 0, 0], [0, 0, 0, 0, 0, 0, 0, 0, 0, 0, 0, 0, 0, 0, 0], [0, 0, 0, 0, 0, 0, 0, 0, 0, 0, 0, 0, 0, 0, 0], [0, 0, 0, 0, 0, 0, 0, 0, 14, 12, 10, 0, 0, 0, 0], [0, 0, 0, 0, 0, 0, 0, 0, 19, 13, 20, 9, 0, 0, 0], [0, 0, 0, 0, 0, 0, 0, 11, 2, 16, 3, 11, 15, 0, 0], [0, 0, 0, 0, 0, 0, 0, 7, 1, 5, 4, 17, 0, 0, 0], [0, 0, 0, 0, 0, 0, 8, 0, 0, 6, 0, 18, 0, 0, 0], [0, 0, 0, 0, 0, 0, 0, 0, 0, 0, 0, 0, 0, 0, 0], [0, 0, 0, 0, 0, 0, 0, 0, 0, 0, 0, 0, 0, 0, 0], [0, 0, 0, 0, 0, 0, 0, 0, 0, 0, 0, 0, 0, 0, 0], [0, 0, 0, 0, 0, 0, 0, 0, 0, 0, 0, 0, 0, 0, 0], [0, 0, 0, 0, 0, 0, 0, 0, 0, 0, 0, 0, 0, 0, 0], [0, 0, 0, 0, 0, 0, 0, 0, 0, 0, 0, 0, 0, 0, 0], [0, 0, 0, 0, 0, 0, 0, 0, 0, 0, 0, 0, 0, 0, 0]]"
下载 (66),下载 (66).png,bd063d2a941986aaf9047afd2764c9d5,"[[0, 0, 0, 0, 0, 0, 0, 0, 0, 0, 0, 0, 0, 0, 0], [0, 0, 0, 0, 0, 0, 0, 0, 0, 0, 0, 0, 0, 0, 0], [0, 0, 0, 0, 0, 0, 36, 30, 0, 0, 0, 0, 0, 0, 0], [0, 0, 0, 0, 0, 19, 35, 37, 29, 38, 0, 0, 0, 0, 0], [0, 0, 0, 0, 0, 0, 33, 31, 34, 21, 0, 8, 0, 0, 0], [0, 0, 0, 0, 0, 0, 27, 0, 0, 2, 7, 0, 0, 0, 0], [0, 0, 0, 0, 32, 25, 12, 0, 1, 5, 3, 6, 0, 0, 0], [0, 0, 0, 0, 28, 26, 10, 13, 4, 0, 0, 22, 0, 0, 0], [0, 0, 0, 0, 23, 9, 11, 24, 0, 16, 0, 0, 0, 0, 0], [0, 0, 0, 0, 0, 14, 0, 17, 15, 0, 0, 0, 0, 0, 0], [0, 0, 0, 0, 0, 0, 0, 18, 19, 0, 0, 0, 0, 0, 0], [0, 0, 0, 0, 0, 0, 0, 0, 0, 20, 0, 0, 0, 0, 0], [0, 0, 0, 0, 0, 0, 0, 0, 0, 0, 0, 0, 0, 0, 0], [0, 0, 0, 0, 0, 0, 0, 0, 0, 0, 0, 0, 0, 0, 0], [0, 0, 0, 0, 0, 0, 0, 0, 0, 0, 0, 0, 0, 0, 0]]"
下载 (65),下载 (65).png,d52a33c09111a96d2b0b15caed22b7d3,"[[0, 0, 0, 0, 0, 0, 0, 0, 0, 0, 0, 0, 0, 0, 0], [0, 0, 0, 0, 0, 0, 0, 0, 39, 24, 30, 0, 0, 0, 0], [0, 0, 0, 0, 0, 0, 0, 0, 0, 23, 29, 0, 0, 0, 0], [0, 0, 41, 33, 42, 36, 19, 0, 16, 21, 0, 0, 0, 0, 0], [0, 0, 32, 34, 35, 0, 0, 18, 17, 13, 0, 0, 0, 0, 0], [0, 0, 40, 27, 0, 20, 38, 14, 7, 0, 12, 26, 0, 0, 0], [0, 43, 28, 49, 31, 37, 5, 2, 22, 3, 15, 25, 0, 0, 0], [0, 0, 47, 0, 48, 0, 4, 1, 11, 0, 10, 0, 0, 0, 0], [0, 0, 0, 0, 0, 46, 0, 9, 6, 53, 0, 0, 0, 0, 0], [0, 0, 0, 0, 0, 0, 0, 0, 57, 8, 0, 0, 0, 0, 0], [0, 0, 0, 54, 56, 44, 0, 0, 0, 0, 0, 0, 0, 0, 0], [0, 0, 55, 0, 60, 45, 50, 0, 0, 0, 0, 0, 0, 0, 0], [0, 0, 0, 0, 0, 0, 52, 0, 51, 0, 0, 0, 0, 0, 0], [0, 0, 0, 0, 0, 0, 0, 58, 0, 0, 0, 0, 0, 0, 0], [0, 0, 0, 0, 0, 0, 59, 0, 0, 0, 0, 0, 0, 0, 0]]"
下载 (67),下载 (67).png,e3f6392b744e6a6fcb3364f2c87a28f6,"[[0, 0, 0, 0, 0, 0, 0, 0, 0, 0, 0, 0, 0, 0, 0], [0, 0, 0, 0, 0, 0, 0, 0, 0, 0, 0, 0, 0, 0, 0], [0, 0, 0, 0, 0, 0, 0, 0, 37, 0, 0, 0, 0, 0, 0], [0, 0, 0, 0, 0, 0, 0, 0, 36, 0, 0, 0, 0, 0, 0], [0, 0, 0, 0, 45, 46, 0, 8, 7, 0, 0, 0, 0, 0, 0], [0, 0, 0, 0, 0, 0, 14, 5, 2, 0, 0, 0, 0, 0, 0], [0, 42, 0, 39, 0, 0, 0, 0, 0, 0, 0, 0, 0, 0, 0], [0, 44, 41, 43, 27, 13, 28, 1, 21, 4, 10, 20, 0, 0, 0], [0, 0, 0, 31, 40, 0, 25, 6, 11, 3, 0, 0, 0, 0, 0], [0, 0, 47, 38, 29, 22, 0, 26, 9, 12, 0, 0, 0, 0, 0], [0, 0, 24, 19, 23, 17, 0, 18, 15, 0, 0, 0, 0, 0, 0], [0, 0, 0, 0, 30, 35, 34, 32, 16, 0, 0, 0, 0, 0, 0], [0, 0, 0, 0, 0, 0, 0, 33, 0, 0, 0, 0, 0, 0, 0], [0, 0, 0, 0, 0, 0, 0, 0, 0, 0, 0, 0, 0, 0, 0], [0, 0, 0, 0, 0, 0, 0, 0, 0, 0, 0, 0, 0, 0, 0]]"
下载 (69),下载 (69).png,9bcf6d9c22f07f07627917e121679df2,"[[0, 0, 0, 0, 0, 0, 0, 0, 0, 0, 0, 0, 0, 0, 0], [0, 0, 0, 0, 0, 0, 25, 0, 0, 0, 0, 0, 0, 0, 0], [0, 0, 0, 0, 0, 0, 0, 24, 0, 0, 16, 0, 0, 0, 0], [0, 0, 0, 0, 0, 0, 0, 0, 22, 12, 23, 10, 0, 0, 0], [0, 0, 0, 0, 0, 0, 0, 0, 19, 20, 5, 0, 17, 0, 0], [0, 0, 0, 0, 0, 0, 0, 18, 13, 7, 0, 11, 6, 8, 0], [0, 0, 0, 0, 0, 0, 0, 15, 0, 14, 2, 3, 9, 0, 0], [0, 0, 0, 0, 0, 0, 0, 0, 26, 0, 1, 4, 0, 0, 0], [0, 0, 0, 0, 0, 0, 0, 29, 31, 21, 32, 0, 19, 0, 0], [0, 0, 0, 0, 0, 0, 0, 30, 28, 33, 0, 34, 0, 0, 0], [0, 0, 0, 0, 0, 0, 0, 0, 0, 0, 0, 0, 0, 0, 0], [0, 0, 0, 0, 0, 0, 0, 0, 0, 0, 0, 0, 0, 0, 0], [0, 0, 0, 0, 0, 0, 0, 0, 0, 0, 0, 0, 0, 0, 0], [0, 0, 0, 0, 0, 0, 0, 0, 0, 0, 0, 0, 0, 0, 0], [0, 0, 0, 0, 0, 0, 0, 0, 0, 0, 0, 0, 0, 0, 0]]"
下载 (7),下载 (7).png,7bb49f8b1e0067028447ce9789f64f7d,"[[0, 0, 0, 0, 0, 0, 0, 0, 0, 0, 0, 0, 0, 0, 0], [0, 0, 0, 0, 0, 0, 0, 0, 0, 0, 0, 0, 0, 0, 0], [0, 0, 0, 0, 0, 0, 0, 0, 0, 0, 19, 30, 0, 24, 0], [0, 0, 0, 0, 0, 0, 0, 0, 0, 18, 17, 0, 25, 27, 0], [0, 0, 0, 0, 0, 0, 35, 60, 7, 8, 20, 23, 22, 0, 0], [0, 0, 0, 0, 0, 0, 0, 5, 2, 10, 12, 76, 15, 0, 75], [0, 0, 0, 0, 33, 32, 26, 4, 1, 11, 3, 13, 14, 78, 0], [0, 0, 0, 34, 41, 9, 49, 48, 6, 28, 16, 29, 0, 0, 0], [0, 0, 37, 59, 36, 38, 0, 39, 50, 21, 77, 0, 70, 0, 0], [0, 0, 56, 40, 43, 31, 54, 53, 51, 79, 80, 61, 0, 0, 0], [0, 0, 44, 47, 46, 42, 63, 52, 62, 0, 68, 69, 0, 0, 0], [0, 45, 58, 0, 55, 57, 66, 65, 0, 0, 0, 67, 0, 0, 0], [0, 0, 0, 0, 64, 0, 0, 0, 0, 0, 0, 71, 0, 0, 0], [0, 0, 0, 0, 0, 0, 0, 0, 0, 73, 0, 74, 0, 0, 0], [0, 0, 0, 0, 0, 0, 0, 0, 0, 0, 74, 0, 72, 0, 0]]"
下载 (71),下载 (71).png,a31dac3b74b2fd1c937aed61490d2c74,"[[0, 0, 0, 0, 0, 0, 0, 0, 0, 0, 0, 0, 0, 0, 0], [0, 0, 0, 0, 0, 0, 0, 0, 31, 0, 0, 0, 0, 0, 0], [0, 0, 0, 0, 0, 0, 0, 0, 30, 0, 0, 0, 0, 0, 0], [0, 0, 0, 0, 0, 0, 0, 18, 29, 26, 0, 0, 0, 0, 0], [0, 0, 0, 0, 0, 0, 0, 14, 37, 17, 10, 0, 0, 0, 0], [0, 0, 0, 0, 0, 0, 8, 7, 25, 9, 0, 0, 0, 0, 0], [0, 0, 0, 0, 28, 27, 19, 38, 13, 2, 5, 0, 44, 0, 0], [0, 0, 0, 39, 36, 20, 12, 11, 1, 24, 22, 6, 40, 41, 0], [0, 0, 0, 0, 0, 15, 0, 0, 4, 0, 3, 43, 0, 0, 0], [0, 0, 0, 35, 16, 0, 32, 0, 33, 21, 23, 0, 34, 0, 0], [0, 0, 0, 0, 0, 0, 0, 0, 0, 0, 0, 0, 0, 42, 0], [0, 0, 0, 0, 0, 0, 0, 0, 0, 0, 0, 0, 0, 0, 0], [0, 0, 0, 0, 0, 0, 0, 0, 0, 0, 0, 0, 0, 0, 0], [0, 0, 0, 0, 0, 0, 0, 0, 0, 0, 0, 0, 0, 0, 0], [0, 0, 0, 0, 0, 0, 0, 0, 0, 0, 0, 0, 0, 0, 0]]"
下载 (70),下载 (70).png,8db7da5fceeb88683ce36a66973ee66b,"[[0, 0, 0, 0, 0, 0, 0, 0, 0, 0, 0, 0, 0, 0, 0], [0, 0, 0, 0, 0, 0, 0, 0, 0, 0, 0, 0, 0, 0, 0], [0, 0, 0, 0, 0, 0, 0, 0, 0, 0, 0, 0, 0, 0, 0], [0, 0, 0, 0, 0, 0, 0, 0, 0, 11, 0, 0, 0, 0, 0], [0, 0, 0, 0, 0, 0, 0, 0, 7, 8, 0, 0, 0, 0, 0], [0, 0, 0, 0, 0, 0, 0, 3, 4, 0, 0, 0, 0, 0, 0], [0, 0, 0, 0, 0, 5, 12, 2, 0, 6, 0, 15, 0, 0, 0], [0, 0, 0, 0, 0, 0, 9, 1, 10, 0, 0, 0, 0, 0, 0], [0, 0, 0, 0, 0, 0, 0, 14, 0, 16, 0, 0, 0, 0, 0], [0, 0, 0, 0, 0, 0, 0, 0, 13, 0, 0, 0, 0, 0, 0], [0, 0, 0, 0, 0, 0, 0, 0, 0, 0, 0, 0, 0, 0, 0], [0, 0, 0, 0, 0, 0, 0, 0, 0, 0, 0, 0, 0, 0, 0], [0, 0, 0, 0, 0, 0, 0, 0, 0, 0, 0, 0, 0, 0, 0], [0, 0, 0, 0, 0, 0, 0, 0, 0, 0, 0, 0, 0, 0, 0], [0, 0, 0, 0, 0, 0, 0, 0, 0, 0, 0, 0, 0, 0, 0]]"
下载 (72),下载 (72).png,fca89edf6561d6ba999dde49f3642752,"[[0, 0, 0, 0, 0, 0, 0, 0, 0, 0, 0, 0, 0, 0, 0], [0, 0, 0, 0, 0, 0, 0, 0, 0, 0, 0, 28, 0, 0, 0], [0, 0, 0, 0, 0, 0, 0, 0, 0, 0, 0, 18, 21, 0, 0], [0, 0, 0, 0, 0, 0, 0, 0, 0, 13, 17, 20, 26, 0, 0], [0, 0, 0, 0, 0, 0, 7, 0, 8, 15, 12, 29, 27, 0, 0], [0, 0, 0, 0, 0, 0, 0, 6, 9, 16, 32, 22, 0, 34, 0], [0, 0, 0, 0, 0, 10, 5, 2, 0, 0, 14, 23, 0, 0, 0], [0, 0, 0, 11, 4, 1, 0, 0, 24, 33, 19, 0, 0, 0, 0], [0, 0, 0, 0, 0, 0, 25, 0, 0, 30, 0, 0, 0, 0, 0], [0, 0, 0, 0, 0, 0, 3, 0, 0, 0, 31, 0, 0, 0, 0], [0, 0, 0, 0, 0, 0, 0, 0, 0, 0, 0, 0, 0, 0, 0], [0, 0, 0, 0, 0, 0, 0, 0, 0, 0, 0, 0, 0, 0, 0], [0, 0, 0, 0, 0, 0, 0, 0, 0, 0, 0, 0, 0, 0, 0], [0, 0, 0, 0, 0, 0, 0, 0, 0, 0, 0, 0, 0, 0, 0], [0, 0, 0, 0, 0, 0, 0, 0, 0, 0, 0, 0, 0, 0, 0]]"
下载 (73),下载 (73).png,8db7da5fceeb88683ce36a66973ee66b,"[[0, 0, 0, 0, 0, 0, 0, 0, 0, 0, 0, 0, 0, 0, 0], [0, 0, 0, 0, 0, 0, 0, 0, 0, 0, 0, 0, 0, 0, 0], [0, 0, 0, 0, 0, 0, 0, 0, 0, 0, 0, 0, 0, 0, 0], [0, 0, 0, 0, 0, 0, 0, 0, 0, 11, 0, 0, 0, 0, 0], [0, 0, 0, 0, 0, 0, 0, 0, 7, 8, 0, 0, 0, 0, 0], [0, 0, 0, 0, 0, 0, 0, 3, 4, 0, 15, 0, 0, 0, 0], [0, 0, 0, 0, 0, 5, 12, 2, 0, 6, 0, 0, 0, 0, 0], [0, 0, 0, 0, 0, 0, 9, 1, 10, 0, 0, 0, 0, 0, 0], [0, 0, 0, 0, 0, 0, 0, 14, 0, 16, 0, 0, 0, 0, 0], [0, 0, 0, 0, 0, 0, 0, 0, 13, 0, 0, 0, 0, 0, 0], [0, 0, 0, 0, 0, 0, 0, 0, 0, 0, 0, 0, 0, 0, 0], [0, 0, 0, 0, 0, 0, 0, 0, 0, 0, 0, 0, 0, 0, 0], [0, 0, 0, 0, 0, 0, 0, 0, 0, 0, 0, 0, 0, 0, 0], [0, 0, 0, 0, 0, 0, 0, 0, 0, 0, 0, 0, 0, 0, 0], [0, 0, 0, 0, 0, 0, 0, 0, 0, 0, 0, 0, 0, 0, 0]]"
下载 (75),下载 (75).png,fca89edf6561d6ba999dde49f3642752,"[[0, 0, 0, 0, 0, 0, 0, 0, 0, 0, 0, 0, 0, 0, 0], [0, 0, 0, 0, 0, 0, 0, 0, 0, 0, 0, 28, 0, 0, 0], [0, 0, 0, 0, 0, 0, 0, 0, 0, 0, 0, 18, 21, 0, 0], [0, 0, 0, 0, 0, 0, 0, 0, 0, 13, 17, 20, 0, 26, 0], [0, 0, 0, 0, 0, 0, 7, 0, 8, 15, 12, 29, 27, 0, 0], [0, 0, 0, 0, 0, 0, 0, 6, 9, 16, 32, 22, 0, 34, 0], [0, 0, 0, 0, 0, 10, 5, 0, 2, 0, 14, 23, 0, 0, 0], [0, 0, 0, 11, 4, 0, 0, 1, 0, 24, 33, 19, 0, 0, 0], [0, 0, 0, 0, 0, 0, 0, 25, 0, 0, 30, 0, 0, 0, 0], [0, 0, 0, 0, 0, 0, 0, 3, 0, 0, 0, 31, 0, 0, 0], [0, 0, 0, 0, 0, 0, 0, 0, 0, 0, 0, 0, 0, 0, 0], [0, 0, 0, 0, 0, 0, 0, 0, 0, 0, 0, 0, 0, 0, 0], [0, 0, 0, 0, 0, 0, 0, 0, 0, 0, 0, 0, 0, 0, 0], [0, 0, 0, 0, 0, 0, 0, 0, 0, 0, 0, 0, 0, 0, 0], [0, 0, 0, 0, 0, 0, 0, 0, 0, 0, 0, 0, 0, 0, 0]]"
下载 (76),下载 (76).png,fe62a7affbfeb5a3d7f62029e94242fd,"[[0, 0, 0, 0, 0, 0, 0, 0, 0, 0, 0, 0, 0, 0, 0], [0, 0, 0, 0, 0, 0, 0, 0, 0, 0, 0, 47, 0, 0, 0], [0, 0, 0, 0, 0, 0, 0, 57, 46, 0, 0, 56, 54, 59, 0], [0, 0, 0, 0, 0, 0, 61, 42, 0, 19, 16, 18, 53, 22, 23], [0, 0, 0, 0, 0, 0, 60, 0, 58, 12, 17, 11, 55, 32, 0], [0, 0, 0, 0, 0, 0, 0, 39, 0, 9, 4, 20, 31, 21, 52], [0, 62, 0, 38, 37, 15, 5, 69, 2, 13, 51, 33, 0, 0, 48], [0, 63, 0, 40, 41, 10, 8, 1, 7, 0, 28, 26, 29, 0, 49], [0, 0, 0, 43, 65, 68, 3, 14, 6, 24, 35, 25, 50, 34, 0], [0, 0, 44, 67, 66, 64, 0, 0, 0, 0, 30, 0, 45, 36, 0], [0, 0, 0, 70, 0, 0, 0, 0, 0, 27, 0, 0, 0, 0, 0], [0, 0, 71, 0, 72, 0, 0, 0, 0, 0, 0, 0, 0, 0, 0], [0, 0, 0, 0, 0, 0, 0, 0, 0, 0, 0, 0, 0, 0, 0], [0, 0, 0, 0, 0, 0, 0, 0, 0, 0, 0, 0, 0, 0, 0], [0, 0, 0, 0, 0, 0, 0, 0, 0, 0, 0, 0, 0, 0, 0]]"
下载 (77),下载 (77).png,fb03acfcc8974164fc63af58b72a2cf2,"[[0, 0, 0, 0, 0, 0, 0, 0, 0, 0, 0, 0, 0, 0, 0], [0, 0, 0, 0, 0, 0, 0, 0, 0, 0, 0, 0, 0, 0, 0], [0, 0, 0, 0, 0, 0, 0, 0, 0, 0, 0, 0, 0, 0, 0], [0, 0, 0, 0, 0, 0, 0, 0, 0, 0, 0, 0, 0, 0, 0], [0, 0, 0, 0, 0, 0, 0, 0, 0, 0, 0, 0, 0, 0, 0], [0, 0, 0, 0, 0, 0, 0, 9, 0, 6, 0, 0, 0, 0, 0], [0, 0, 0, 0, 0, 0, 2, 3, 11, 5, 0, 0, 0, 0, 0], [0, 0, 0, 0, 0, 33, 37, 1, 4, 10, 0, 0, 0, 0, 0], [0, 0, 0, 0, 0, 31, 32, 35, 7, 8, 0, 28, 29, 0, 0], [0, 0, 0, 39, 36, 30, 38, 34, 17, 14, 12, 25, 24, 0, 0], [0, 0, 0, 0, 0, 0, 42, 16, 15, 19, 13, 21, 22, 0, 0], [0, 0, 0, 0, 0, 41, 20, 40, 26, 18, 27, 0, 0, 0, 0], [0, 0, 0, 0, 0, 23, 0, 0, 0, 0, 0, 0, 0, 0, 0], [0, 0, 0, 0, 0, 0, 0, 0, 0, 0, 0, 0, 0, 0, 0], [0, 0, 0, 0, 0, 0, 0, 0, 0, 0, 0, 0, 0, 0, 0]]"
下载 (78),下载 (78).png,c46fa26b3d66fe4f727b53e229bc9881,"[[0, 0, 0, 0, 0, 0, 0, 0, 0, 0, 0, 0, 0, 0, 0], [0, 0, 0, 0, 0, 0, 0, 0, 46, 0, 0, 0, 0, 0, 0], [0, 0, 0, 0, 0, 0, 0, 0, 45, 0, 0, 0, 0, 0, 0], [0, 0, 0, 0, 0, 0, 41, 44, 37, 43, 17, 0, 0, 0, 0], [0, 0, 0, 0, 0, 0, 42, 0, 0, 0, 8, 0, 0, 0, 0], [0, 0, 0, 0, 0, 0, 27, 47, 0, 0, 15, 14, 12, 32, 0], [0, 0, 0, 0, 40, 39, 38, 0, 2, 26, 11, 0, 16, 0, 0], [0, 0, 0, 0, 29, 0, 6, 1, 23, 9, 10, 0, 19, 0, 0], [0, 0, 0, 0, 28, 7, 0, 0, 4, 33, 5, 0, 0, 0, 0], [0, 0, 0, 0, 0, 24, 36, 22, 21, 13, 0, 0, 18, 0, 0], [0, 0, 0, 0, 0, 0, 30, 35, 20, 34, 0, 0, 0, 0, 0], [0, 0, 0, 0, 0, 0, 0, 31, 0, 0, 0, 0, 0, 0, 0], [0, 0, 0, 0, 0, 0, 0, 0, 0, 0, 0, 0, 0, 0, 0], [0, 0, 0, 0, 0, 0, 0, 0, 0, 0, 0, 0, 0, 0, 0], [0, 0, 0, 0, 0, 0, 0, 0, 0, 0, 0, 0, 0, 0, 0]]"
下载 (8),下载 (8).png,9f45955309484b51fe7baac943d100a0,"[[0, 0, 0, 0, 0, 0, 0, 0, 0, 0, 0, 0, 0, 0, 0], [0, 0, 0, 0, 0, 0, 0, 0, 0, 0, 0, 0, 0, 0, 0], [0, 0, 0, 0, 0, 0, 0, 0, 10, 0, 0, 0, 0, 0, 0], [0, 0, 0, 0, 0, 0, 5, 14, 7, 13, 0, 0, 0, 0, 0], [0, 0, 0, 0, 0, 0, 0, 6, 8, 9, 19, 0, 0, 0, 0], [0, 0, 0, 0, 0, 4, 2, 11, 3, 15, 18, 17, 0, 0, 0], [0, 0, 0, 0, 0, 0, 1, 12, 0, 16, 0, 0, 0, 0, 0], [0, 0, 0, 0, 0, 0, 0, 0, 0, 0, 0, 0, 0, 0, 0], [0, 0, 0, 0, 0, 0, 0, 0, 0, 0, 0, 0, 0, 0, 0], [0, 0, 0, 0, 0, 0, 0, 0, 0, 0, 0, 0, 0, 0, 0], [0, 0, 0, 0, 0, 0, 0, 0, 0, 0, 0, 0, 0, 0, 0], [0, 0, 0, 0, 0, 0, 0, 0, 0, 0, 0, 0, 0, 0, 0], [0, 0, 0, 0, 0, 0, 0, 0, 0, 0, 0, 0, 0, 0, 0], [0, 0, 0, 0, 0, 0, 0, 0, 0, 0, 0, 0, 0, 0, 0], [0, 0, 0, 0, 0, 0, 0, 0, 0, 0, 0, 0, 0, 0, 0]]"
下载 (79),下载 (79).png,457c1761e32fb40ee6f9b795e3f29843,"[[0, 0, 0, 0, 0, 0, 0, 0, 0, 0, 0, 0, 0, 0, 0], [0, 0, 0, 0, 0, 0, 0, 0, 0, 0, 60, 0, 0, 0, 0], [0, 0, 0, 0, 15, 0, 0, 0, 21, 0, 59, 69, 0, 0, 0], [0, 0, 0, 0, 0, 14, 17, 12, 16, 0, 61, 62, 0, 0, 0], [0, 74, 15, 72, 0, 8, 13, 19, 22, 0, 27, 0, 58, 0, 0], [0, 0, 73, 0, 20, 11, 6, 18, 0, 35, 0, 0, 68, 0, 0], [0, 0, 49, 5, 4, 26, 2, 37, 36, 34, 0, 64, 67, 0, 0], [0, 48, 24, 7, 0, 1, 25, 9, 31, 0, 32, 0, 0, 0, 0], [0, 0, 0, 23, 0, 0, 24, 44, 33, 0, 51, 0, 0, 0, 0], [0, 0, 0, 30, 3, 6, 29, 38, 54, 50, 0, 52, 55, 0, 0], [0, 0, 63, 0, 0, 39, 43, 46, 45, 0, 0, 0, 0, 0, 0], [0, 0, 0, 0, 40, 0, 41, 47, 53, 56, 0, 0, 0, 0, 0], [0, 0, 0, 0, 0, 0, 0, 42, 0, 0, 0, 0, 0, 0, 0], [0, 0, 0, 0, 0, 0, 0, 0, 0, 0, 65, 0, 0, 0, 0], [0, 0, 0, 0, 0, 0, 0, 0, 0, 0, 0, 0, 0, 0, 0]]"
下载 (80),下载 (80).png,e19f34ceab2697f6434b8425b7fea58a,"[[0, 0, 0, 0, 0, 0, 0, 0, 0, 0, 0, 0, 0, 0, 0], [0, 0, 0, 0, 0, 0, 0, 0, 0, 0, 0, 0, 0, 0, 0], [0, 0, 0, 0, 0, 0, 0, 0, 0, 0, 0, 0, 0, 0, 0], [0, 0, 0, 0, 0, 0, 0, 13, 11, 16, 0, 0, 0, 0, 0], [0, 0, 0, 0, 0, 0, 15, 12, 14, 10, 5, 0, 0, 0, 0], [0, 0, 0, 0, 0, 0, 0, 9, 0, 4, 2, 0, 7, 0, 0], [0, 0, 0, 0, 0, 0, 0, 0, 0, 1, 0, 6, 3, 8, 0], [0, 0, 0, 0, 0, 0, 0, 18, 23, 20, 0, 0, 0, 0, 0], [0, 0, 0, 0, 0, 31, 30, 28, 24, 17, 0, 0, 0, 0, 0], [0, 0, 0, 0, 0, 0, 27, 0, 21, 19, 22, 0, 0, 0, 0], [0, 0, 0, 0, 33, 0, 25, 29, 0, 0, 0, 0, 0, 0, 0], [0, 0, 0, 0, 0, 26, 0, 32, 0, 0, 0, 0, 0, 0, 0], [0, 0, 0, 0, 0, 0, 0, 0, 0, 0, 0, 0, 0, 0, 0], [0, 0, 0, 0, 0, 0, 0, 0, 0, 0, 0, 0, 0, 0, 0], [0, 0, 0, 0, 0, 0, 0, 0, 0, 0, 0, 0, 0, 0, 0]]"
下载 (81),下载 (81).png,bc0c4a7ae863de303cdf326205a0ee0b,"[[0, 0, 0, 0, 0, 0, 0, 0, 0, 0, 0, 0, 0, 0, 0], [0, 0, 0, 0, 0, 0, 0, 0, 0, 0, 0, 0, 0, 0, 0], [0, 0, 0, 0, 0, 0, 0, 0, 0, 0, 0, 0, 0, 0, 0], [0, 0, 0, 0, 0, 0, 0, 0, 0, 0, 0, 0, 0, 0, 0], [0, 0, 0, 0, 0, 0, 0, 0, 0, 9, 0, 0, 0, 0, 0], [0, 0, 0, 0, 0, 0, 0, 0, 0, 4, 0, 0, 0, 0, 0], [0, 0, 0, 0, 0, 0, 0, 7, 2, 6, 0, 0, 0, 0, 0], [0, 0, 0, 0, 0, 0, 0, 8, 1, 11, 0, 0, 0, 0, 0], [0, 0, 0, 0, 0, 0, 0, 0, 0, 10, 12, 0, 0, 0, 0], [0, 0, 0, 0, 0, 0, 0, 13, 3, 5, 0, 0, 0, 0, 0], [0, 0, 0, 0, 0, 0, 0, 0, 0, 0, 0, 0, 0, 0, 0], [0, 0, 0, 0, 0, 0, 0, 0, 0, 0, 0, 0, 0, 0, 0], [0, 0, 0, 0, 0, 0, 0, 0, 0, 0, 0, 0, 0, 0, 0], [0, 0, 0, 0, 0, 0, 0, 0, 0, 0, 0, 0, 0, 0, 0], [0, 0, 0, 0, 0, 0, 0, 0, 0, 0, 0, 0, 0, 0, 0]]"
下载 (82),下载 (82).png,c9f3066eaa9679866a4b80210191c465,"[[0, 0, 0, 0, 0, 0, 0, 0, 0, 0, 0, 0, 0, 0, 0], [0, 0, 0, 0, 0, 0, 0, 0, 28, 0, 0, 0, 0, 0, 0], [0, 0, 0, 0, 0, 0, 0, 0, 25, 0, 0, 0, 0, 0, 0], [0, 0, 0, 43, 0, 26, 0, 27, 16, 0, 0, 0, 0, 0, 0], [0, 0, 38, 37, 13, 17, 21, 22, 7, 0, 0, 0, 0, 0, 0], [0, 41, 36, 40, 14, 10, 19, 4, 15, 32, 0, 0, 0, 0, 0], [0, 0, 39, 23, 42, 0, 2, 5, 11, 33, 31, 34, 0, 0, 0], [0, 45, 44, 24, 18, 6, 1, 12, 20, 0, 0, 0, 0, 0, 0], [0, 0, 46, 0, 0, 8, 0, 3, 0, 0, 0, 0, 0, 0, 0], [0, 47, 0, 29, 48, 9, 30, 0, 0, 0, 0, 0, 0, 0, 0], [0, 0, 0, 0, 0, 0, 35, 0, 0, 0, 0, 0, 0, 0, 0], [0, 0, 0, 0, 0, 0, 0, 0, 0, 0, 0, 0, 0, 0, 0], [0, 0, 0, 0, 0, 0, 0, 0, 0, 0, 0, 0, 0, 0, 0], [0, 0, 0, 0, 0, 0, 0, 0, 0, 0, 0, 0, 0, 0, 0], [0, 0, 0, 0, 0, 0, 0, 0, 0, 0, 0, 0, 0, 0, 0]]"
下载 (84),下载 (84).png,88ac01f494a8b71184b05620df865674,"[[0, 0, 0, 0, 0, 0, 0, 0, 0, 0, 0, 0, 0, 0, 0], [0, 0, 0, 0, 0, 0, 0, 0, 0, 0, 0, 0, 0, 0, 0], [0, 0, 0, 0, 0, 0, 0, 0, 0, 0, 0, 0, 0, 0, 0], [0, 0, 0, 0, 0, 0, 0, 0, 0, 0, 0, 46, 0, 0, 0], [0, 0, 0, 0, 0, 0, 30, 29, 44, 39, 43, 41, 0, 0, 0], [0, 0, 0, 0, 0, 0, 17, 0, 0, 38, 0, 37, 0, 0, 0], [0, 0, 0, 0, 0, 14, 15, 16, 45, 35, 34, 32, 0, 0, 0], [0, 0, 0, 0, 0, 19, 0, 7, 2, 42, 40, 31, 33, 0, 0], [0, 0, 0, 0, 18, 22, 11, 0, 1, 8, 5, 0, 36, 0, 0], [0, 0, 0, 0, 21, 17, 0, 6, 3, 0, 12, 0, 0, 0, 0], [0, 0, 0, 24, 20, 25, 0, 4, 9, 0, 13, 28, 0, 0, 0], [0, 0, 0, 0, 0, 0, 23, 0, 0, 10, 0, 0, 0, 0, 0], [0, 0, 0, 0, 0, 0, 0, 26, 0, 27, 0, 0, 0, 0, 0], [0, 0, 0, 0, 0, 0, 0, 0, 0, 0, 0, 0, 0, 0, 0], [0, 0, 0, 0, 0, 0, 0, 0, 0, 0, 0, 0, 0, 0, 0]]"
下载 (85),下载 (85).png,f280265d1a3b04ace3acca860f8c7959,"[[0, 0, 0, 0, 0, 0, 0, 0, 0, 0, 0, 0, 0, 0, 0], [0, 0, 0, 0, 0, 0, 0, 0, 0, 0, 0, 0, 0, 0, 0], [0, 0, 0, 0, 0, 0, 0, 0, 0, 0, 0, 31, 0, 29, 0], [0, 0, 0, 0, 0, 0, 0, 0, 0, 0, 0, 0, 28, 18, 0], [0, 26, 0, 0, 23, 0, 0, 16, 17, 0, 0, 0, 0, 0, 0], [0, 0, 19, 24, 20, 15, 0, 0, 0, 30, 0, 0, 0, 0, 0], [0, 25, 0, 0, 14, 11, 9, 0, 27, 0, 0, 0, 0, 0, 0], [0, 0, 21, 0, 0, 8, 7, 0, 0, 0, 0, 0, 0, 0, 0], [0, 0, 0, 22, 13, 0, 10, 12, 2, 5, 0, 0, 0, 0, 0], [0, 0, 0, 0, 0, 0, 0, 0, 1, 0, 6, 0, 0, 0, 0], [0, 0, 0, 0, 0, 0, 0, 0, 4, 0, 3, 0, 0, 0, 0], [0, 0, 0, 0, 0, 0, 0, 0, 0, 0, 0, 0, 0, 0, 0], [0, 0, 0, 0, 0, 0, 0, 0, 0, 0, 0, 0, 0, 0, 0], [0, 0, 0, 0, 0, 0, 0, 0, 0, 0, 0, 0, 0, 0, 0], [0, 0, 0, 0, 0, 0, 0, 0, 0, 0, 0, 0, 0, 0, 0]]"
下载 (83),下载 (83).png,6d44f12185d68fb185524600d0bec9b8,"[[0, 0, 0, 0, 0, 0, 0, 0, 0, 0, 0, 0, 0, 0, 0], [0, 0, 0, 0, 0, 0, 0, 0, 0, 0, 0, 0, 0, 0, 0], [0, 0, 0, 0, 0, 0, 0, 0, 0, 0, 0, 0, 0, 0, 0], [0, 0, 0, 0, 0, 0, 0, 0, 0, 0, 0, 0, 0, 0, 0], [0, 0, 0, 0, 0, 0, 0, 0, 7, 0, 0, 0, 0, 0, 0], [0, 0, 0, 0, 0, 22, 0, 0, 11, 6, 8, 9, 0, 0, 0], [0, 0, 0, 0, 20, 16, 23, 18, 17, 2, 5, 0, 0, 0, 0], [0, 0, 0, 0, 0, 24, 14, 4, 1, 10, 3, 0, 0, 0, 0], [0, 0, 0, 0, 0, 0, 21, 19, 15, 0, 0, 0, 0, 0, 0], [0, 0, 0, 0, 0, 0, 13, 12, 0, 0, 0, 0, 0, 0, 0], [0, 0, 0, 0, 0, 0, 0, 0, 0, 0, 0, 0, 0, 0, 0], [0, 0, 0, 0, 0, 0, 0, 0, 0, 0, 0, 0, 0, 0, 0], [0, 0, 0, 0, 0, 0, 0, 0, 0, 0, 0, 0, 0, 0, 0], [0, 0, 0, 0, 0, 0, 0, 0, 0, 0, 0, 0, 0, 0, 0], [0, 0, 0, 0, 0, 0, 0, 0, 0, 0, 0, 0, 0, 0, 0]]"
下载 (87),下载 (87).png,b2864bcb4ef591bff383932f1588610c,"[[0, 0, 0, 0, 0, 0, 0, 0, 0, 0, 0, 0, 0, 0, 0], [0, 0, 0, 0, 0, 0, 37, 0, 0, 0, 0, 0, 0, 0, 0], [0, 0, 0, 0, 0, 0, 0, 32, 0, 26, 0, 0, 0, 0, 0], [0, 0, 0, 0, 0, 0, 0, 0, 33, 0, 0, 0, 0, 0, 0], [0, 0, 0, 0, 0, 0, 13, 20, 21, 34, 22, 31, 29, 0, 0], [0, 0, 0, 0, 0, 38, 12, 19, 14, 18, 23, 30, 35, 0, 0], [0, 0, 0, 0, 0, 0, 16, 2, 17, 4, 7, 36, 0, 0, 0], [0, 0, 0, 0, 0, 0, 0, 9, 10, 5, 27, 0, 0, 0, 0], [0, 0, 0, 0, 0, 0, 15, 6, 3, 24, 28, 0, 0, 0, 0], [0, 0, 0, 0, 0, 0, 11, 8, 0, 0, 25, 0, 0, 0, 0], [0, 0, 0, 0, 0, 0, 0, 0, 0, 0, 0, 0, 0, 0, 0], [0, 0, 0, 0, 0, 0, 0, 0, 0, 0, 0, 0, 0, 0, 0], [0, 0, 0, 0, 0, 0, 0, 0, 0, 0, 0, 0, 0, 0, 0], [0, 0, 0, 0, 0, 0, 0, 0, 0, 0, 0, 0, 0, 0, 0], [0, 0, 0, 0, 0, 0, 0, 0, 0, 0, 0, 0, 0, 0, 0]]"
下载 (89),下载 (89).png,2d5dcfeb79920b4432ba843fedb1972c,"[[0, 0, 0, 0, 0, 0, 0, 0, 0, 0, 0, 0, 0, 0, 0], [0, 0, 0, 0, 0, 0, 0, 0, 0, 0, 0, 0, 0, 0, 0], [0, 0, 0, 0, 0, 0, 34, 28, 0, 0, 0, 0, 0, 0, 0], [0, 0, 0, 0, 0, 0, 33, 0, 27, 15, 0, 0, 0, 20, 0], [0, 0, 0, 0, 0, 0, 25, 29, 0, 17, 12, 16, 0, 0, 0], [0, 0, 0, 0, 0, 0, 23, 0, 14, 2, 15, 4, 7, 0, 0], [0, 0, 0, 0, 30, 21, 24, 1, 9, 10, 5, 0, 0, 0, 0], [0, 0, 0, 0, 0, 26, 0, 13, 6, 3, 0, 0, 18, 0, 0], [0, 0, 0, 0, 0, 0, 22, 11, 0, 8, 0, 0, 0, 0, 0], [0, 0, 0, 0, 0, 0, 0, 31, 0, 0, 0, 0, 0, 0, 0], [0, 0, 0, 0, 0, 0, 0, 32, 0, 0, 0, 0, 0, 0, 0], [0, 0, 0, 0, 0, 0, 0, 0, 0, 0, 0, 0, 0, 0, 0], [0, 0, 0, 0, 0, 0, 0, 0, 0, 0, 0, 0, 0, 0, 0], [0, 0, 0, 0, 0, 0, 0, 0, 0, 0, 0, 0, 0, 0, 0], [0, 0, 0, 0, 0, 0, 0, 0, 0, 0, 0, 0, 0, 0, 0]]"
下载 (88),下载 (88).png,f1a49919fc5b3be208537fbffaf4ff56,"[[0, 0, 0, 0, 0, 0, 0, 0, 0, 0, 0, 0, 0, 0, 0], [0, 0, 0, 0, 0, 0, 0, 0, 0, 0, 0, 0, 0, 0, 0], [0, 0, 0, 0, 0, 0, 0, 0, 0, 0, 0, 0, 0, 0, 0], [0, 0, 0, 0, 0, 0, 0, 0, 0, 0, 0, 0, 0, 0, 0], [0, 0, 0, 0, 0, 0, 0, 0, 0, 0, 0, 0, 0, 0, 0], [0, 0, 0, 0, 0, 0, 6, 7, 2, 10, 16, 18, 19, 0, 0], [0, 0, 0, 0, 0, 0, 0, 1, 4, 9, 25, 21, 0, 0, 0], [0, 0, 0, 0, 0, 0, 0, 8, 13, 24, 22, 0, 0, 0, 0], [0, 0, 0, 0, 0, 0, 11, 3, 12, 5, 0, 0, 0, 0, 0], [0, 0, 0, 0, 0, 0, 14, 20, 17, 15, 28, 33, 0, 0, 0], [0, 0, 0, 0, 0, 0, 31, 0, 0, 23, 29, 27, 32, 0, 0], [0, 0, 0, 0, 0, 30, 0, 0, 0, 0, 26, 0, 0, 0, 0], [0, 0, 0, 0, 0, 0, 0, 0, 0, 0, 0, 0, 0, 0, 0], [0, 0, 0, 0, 0, 0, 0, 0, 0, 0, 0, 0, 0, 0, 0], [0, 0, 0, 0, 0, 0, 0, 0, 0, 0, 0, 0, 0, 0, 0]]"
下载 (90),下载 (90).png,e810331be4193cff35eb8ab1dca6824b,"[[0, 0, 0, 0, 0, 0, 0, 0, 0, 0, 0, 0, 0, 0, 0], [0, 0, 0, 0, 0, 0, 0, 0, 0, 0, 0, 0, 0, 0, 0], [0, 0, 0, 0, 0, 0, 25, 15, 0, 0, 0, 0, 0, 0, 0], [0, 0, 0, 0, 0, 0, 0, 0, 14, 0, 0, 0, 0, 0, 0], [0, 0, 0, 18, 0, 0, 23, 0, 21, 6, 0, 0, 0, 0, 0], [0, 0, 20, 17, 19, 13, 0, 0, 0, 2, 0, 0, 0, 0, 0], [0, 0, 0, 0, 5, 0, 11, 12, 1, 0, 4, 0, 0, 0, 0], [0, 0, 0, 22, 24, 9, 0, 0, 0, 8, 0, 7, 0, 0, 0], [0, 0, 0, 0, 0, 16, 0, 3, 0, 0, 0, 0, 0, 0, 0], [0, 0, 0, 0, 0, 0, 0, 0, 10, 0, 0, 0, 0, 0, 0], [0, 0, 0, 0, 0, 0, 0, 0, 0, 0, 0, 0, 0, 0, 0], [0, 0, 0, 0, 0, 0, 0, 0, 0, 0, 0, 0, 0, 0, 0], [0, 0, 0, 0, 0, 0, 0, 0, 0, 0, 0, 0, 0, 0, 0], [0, 0, 0, 0, 0, 0, 0, 0, 0, 0, 0, 0, 0, 0, 0], [0, 0, 0, 0, 0, 0, 0, 0, 0, 0, 0, 0, 0, 0, 0]]"
下载 (91),下载 (91).png,db0dab7166f7d42a1374501d3f3cfb6e,"[[0, 0, 0, 0, 0, 0, 0, 0, 0, 0, 0, 0, 0, 0, 0], [0, 0, 0, 0, 0, 0, 0, 0, 64, 0, 0, 0, 0, 0, 0], [0, 0, 0, 0, 0, 0, 0, 0, 59, 60, 0, 0, 0, 0, 0], [0, 75, 70, 0, 71, 0, 0, 58, 39, 0, 0, 0, 0, 0, 0], [0, 0, 53, 20, 16, 15, 57, 56, 52, 51, 0, 61, 0, 0, 0], [0, 74, 0, 30, 19, 0, 63, 55, 62, 0, 42, 0, 0, 0, 0], [0, 0, 31, 27, 32, 37, 5, 2, 14, 13, 65, 22, 43, 44, 0], [0, 28, 29, 26, 33, 34, 54, 1, 17, 4, 0, 21, 40, 0, 0], [0, 0, 36, 0, 50, 12, 3, 6, 0, 0, 45, 24, 41, 0, 0], [0, 0, 0, 25, 47, 18, 7, 8, 0, 0, 23, 0, 0, 48, 0], [0, 0, 0, 0, 0, 34, 9, 11, 73, 68, 49, 0, 0, 0, 0], [0, 0, 0, 0, 0, 35, 10, 0, 66, 0, 69, 0, 0, 0, 0], [0, 0, 0, 0, 0, 0, 67, 72, 0, 0, 0, 0, 0, 0, 0], [0, 0, 0, 0, 0, 0, 0, 0, 0, 0, 0, 0, 0, 0, 0], [0, 0, 0, 0, 0, 0, 0, 0, 0, 0, 0, 0, 0, 0, 0]]"
下载 (9),下载 (9).png,27e4b0a37c06a4966fa52a9dadd13457,"[[0, 0, 0, 0, 0, 0, 0, 0, 0, 0, 0, 0, 0, 0, 0], [0, 0, 0, 0, 0, 0, 0, 0, 0, 0, 0, 0, 0, 0, 0], [0, 0, 0, 0, 0, 0, 0, 0, 0, 0, 0, 0, 0, 0, 0], [0, 0, 0, 0, 0, 0, 0, 0, 23, 5, 0, 0, 0, 0, 0], [0, 0, 0, 0, 0, 0, 0, 0, 0, 0, 0, 0, 0, 0, 0], [0, 0, 0, 0, 0, 0, 0, 22, 0, 0, 2, 0, 0, 0, 0], [0, 0, 0, 0, 0, 0, 19, 10, 18, 6, 1, 4, 0, 0, 0], [0, 0, 0, 0, 0, 0, 0, 21, 7, 8, 3, 13, 0, 0, 0], [0, 0, 0, 0, 0, 0, 20, 0, 17, 9, 11, 12, 15, 0, 0], [0, 0, 0, 0, 0, 0, 0, 0, 0, 0, 0, 0, 0, 16, 0], [0, 0, 0, 0, 0, 0, 0, 0, 0, 0, 0, 14, 0, 0, 0], [0, 0, 0, 0, 0, 0, 0, 0, 0, 0, 0, 0, 0, 0, 0], [0, 0, 0, 0, 0, 0, 0, 0, 0, 0, 0, 0, 0, 0, 0], [0, 0, 0, 0, 0, 0, 0, 0, 0, 0, 0, 0, 0, 0, 0], [0, 0, 0, 0, 0, 0, 0, 0, 0, 0, 0, 0, 0, 0, 0]]"
下载 (93),下载 (93).png,51eecc1aece602e7cbe1fa7678eb2322,"[[0, 0, 0, 0, 0, 0, 0, 0, 0, 0, 0, 0, 0, 0, 0], [0, 0, 0, 0, 0, 0, 0, 0, 0, 0, 0, 0, 0, 0, 0], [0, 0, 0, 0, 0, 0, 0, 0, 0, 0, 0, 0, 0, 0, 0], [0, 0, 0, 0, 0, 0, 0, 0, 0, 0, 0, 0, 0, 0, 0], [0, 0, 0, 0, 0, 0, 0, 0, 22, 0, 0, 0, 28, 0, 0], [0, 0, 0, 0, 0, 0, 0, 0, 0, 21, 27, 0, 0, 0, 0], [0, 0, 0, 0, 0, 0, 9, 15, 0, 0, 25, 0, 0, 0, 0], [0, 0, 0, 0, 21, 20, 14, 2, 0, 5, 0, 0, 0, 0, 0], [0, 0, 0, 18, 7, 17, 1, 8, 0, 12, 0, 30, 0, 0, 0], [0, 0, 0, 0, 0, 6, 0, 3, 13, 10, 0, 0, 0, 0, 0], [0, 0, 0, 0, 16, 0, 4, 19, 23, 11, 0, 0, 0, 0, 0], [0, 0, 0, 0, 0, 0, 0, 29, 26, 24, 0, 0, 0, 0, 0], [0, 0, 0, 0, 0, 0, 0, 0, 0, 0, 0, 0, 0, 0, 0], [0, 0, 0, 0, 0, 0, 0, 0, 0, 0, 0, 0, 0, 0, 0], [0, 0, 0, 0, 0, 0, 0, 0, 0, 0, 0, 0, 0, 0, 0]]"
下载 (92),下载 (92).png,3c722e1b49d2ba4d451db9b3bb5ce0a1,"[[0, 0, 0, 0, 0, 0, 0, 0, 0, 0, 0, 0, 0, 0, 0], [0, 0, 0, 0, 0, 0, 0, 0, 23, 0, 0, 0, 0, 0, 0], [0, 0, 0, 0, 0, 0, 0, 27, 22, 26, 24, 0, 0, 0, 0], [0, 0, 0, 0, 0, 9, 19, 18, 16, 25, 29, 0, 0, 0, 0], [0, 0, 0, 0, 14, 8, 15, 12, 40, 28, 0, 0, 0, 0, 0], [0, 0, 0, 0, 11, 6, 17, 21, 32, 31, 0, 0, 0, 0, 0], [0, 0, 0, 5, 4, 13, 2, 20, 34, 30, 35, 0, 0, 0, 0], [0, 0, 0, 7, 10, 1, 33, 37, 38, 0, 0, 0, 0, 0, 0], [0, 0, 0, 0, 0, 3, 0, 0, 36, 0, 0, 0, 0, 0, 0], [0, 0, 0, 0, 0, 0, 0, 0, 39, 0, 0, 0, 0, 0, 0], [0, 0, 0, 0, 0, 0, 0, 0, 0, 0, 0, 0, 0, 0, 0], [0, 0, 0, 0, 0, 0, 0, 0, 0, 0, 0, 0, 0, 0, 0], [0, 0, 0, 0, 0, 0, 0, 0, 0, 0, 0, 0, 0, 0, 0], [0, 0, 0, 0, 0, 0, 0, 0, 0, 0, 0, 0, 0, 0, 0], [0, 0, 0, 0, 0, 0, 0, 0, 0, 0, 0, 0, 0, 0, 0]]"
下载 (94),下载 (94).png,242742dd9198ff2d5d1dc91ddaccdc0a,"[[0, 0, 0, 0, 0, 0, 0, 0, 0, 0, 0, 0, 0, 0, 0], [0, 0, 0, 0, 0, 0, 26, 0, 0, 0, 0, 0, 0, 0, 0], [0, 0, 0, 0, 0, 0, 0, 25, 24, 0, 0, 0, 0, 0, 0], [0, 0, 0, 0, 0, 0, 0, 0, 23, 0, 0, 0, 0, 0, 0], [0, 0, 0, 0, 16, 0, 0, 21, 13, 14, 0, 0, 0, 0, 0], [0, 0, 0, 0, 0, 32, 10, 0, 5, 3, 6, 0, 0, 0, 0], [0, 0, 0, 0, 0, 0, 34, 9, 2, 4, 18, 7, 0, 0, 0], [0, 0, 0, 0, 0, 33, 17, 22, 1, 19, 8, 11, 0, 0, 0], [0, 0, 0, 0, 0, 20, 29, 0, 0, 0, 15, 0, 12, 0, 0], [0, 0, 0, 0, 0, 28, 0, 0, 27, 16, 0, 0, 0, 0, 0], [0, 0, 0, 0, 0, 31, 30, 0, 0, 0, 0, 0, 0, 0, 0], [0, 0, 0, 0, 0, 0, 0, 0, 0, 0, 0, 0, 0, 0, 0], [0, 0, 0, 0, 0, 0, 0, 0, 0, 0, 0, 0, 0, 0, 0], [0, 0, 0, 0, 0, 0, 0, 0, 0, 0, 0, 0, 0, 0, 0], [0, 0, 0, 0, 0, 0, 0, 0, 0, 0, 0, 0, 0, 0, 0]]"
下载 (95),下载 (95).png,25e4c6b8b8049cb3cded271523ccc3fe,"[[0, 0, 0, 0, 0, 0, 0, 0, 0, 0, 0, 0, 0, 0, 0], [0, 0, 0, 0, 0, 0, 0, 0, 0, 0, 0, 0, 0, 0, 0], [0, 0, 0, 0, 0, 0, 0, 0, 0, 14, 7, 18, 0, 0, 0], [0, 0, 0, 0, 0, 0, 0, 12, 8, 13, 6, 9, 0, 0, 0], [0, 0, 0, 0, 0, 0, 5, 11, 2, 17, 10, 0, 0, 0, 0], [0, 0, 0, 0, 0, 24, 4, 1, 3, 0, 15, 0, 0, 0, 0], [30, 0, 0, 0, 0, 21, 0, 0, 20, 16, 0, 0, 0, 0, 0], [0, 29, 26, 23, 22, 0, 0, 19, 0, 42, 0, 0, 0, 0, 0], [0, 36, 25, 28, 34, 0, 0, 45, 49, 41, 50, 0, 0, 0, 0], [0, 31, 38, 27, 37, 33, 40, 39, 0, 0, 0, 0, 0, 0, 0], [32, 35, 0, 0, 43, 54, 53, 51, 47, 0, 48, 0, 0, 0, 0], [0, 0, 0, 46, 0, 44, 0, 52, 0, 0, 0, 0, 0, 0, 0], [0, 0, 0, 0, 0, 0, 0, 0, 0, 0, 0, 0, 0, 0, 0], [0, 0, 0, 0, 0, 0, 0, 0, 0, 0, 0, 0, 0, 0, 0], [0, 0, 0, 0, 0, 0, 0, 0, 0, 0, 0, 0, 0, 0, 0]]"
下载 (96),下载 (96).png,bb8727e7e1e7c8da870cdaec3e5a90b1,"[[0, 0, 0, 0, 0, 0, 0, 0, 0, 0, 0, 0, 0, 0, 0], [0, 0, 0, 0, 0, 0, 0, 0, 0, 0, 0, 0, 0, 0, 0], [0, 0, 0, 0, 0, 0, 0, 0, 0, 35, 43, 0, 0, 0, 0], [0, 0, 0, 0, 0, 0, 0, 0, 0, 44, 34, 0, 45, 0, 0], [0, 0, 0, 0, 0, 0, 0, 18, 17, 9, 46, 20, 42, 38, 0], [0, 0, 0, 0, 0, 0, 21, 0, 4, 22, 0, 29, 28, 0, 0], [0, 0, 0, 0, 27, 0, 7, 2, 6, 13, 0, 39, 0, 30, 0], [0, 0, 0, 16, 0, 8, 1, 11, 0, 12, 40, 0, 36, 41, 31], [0, 0, 0, 15, 0, 0, 19, 10, 0, 0, 33, 37, 0, 0, 0], [0, 0, 0, 0, 14, 0, 3, 5, 0, 0, 32, 0, 0, 0, 0], [0, 0, 25, 0, 0, 0, 26, 0, 23, 24, 0, 0, 0, 0, 0], [0, 0, 0, 0, 0, 0, 0, 0, 0, 0, 0, 0, 0, 0, 0], [0, 0, 0, 0, 0, 0, 0, 0, 0, 0, 0, 0, 0, 0, 0], [0, 0, 0, 0, 0, 0, 0, 0, 0, 0, 0, 0, 0, 0, 0], [0, 0, 0, 0, 0, 0, 0, 0, 0, 0, 0, 0, 0, 0, 0]]"
下载 (51),下载 (51).png,02c6a1f1061ed0959784a33ef40601fa,"[[0, 0, 0, 0, 0, 0, 0, 0, 0, 0, 0, 0, 0, 0, 0], [0, 0, 0, 0, 0, 0, 0, 0, 0, 0, 0, 0, 0, 0, 0], [0, 0, 0, 0, 0, 0, 0, 0, 0, 0, 0, 0, 0, 0, 0], [0, 0, 0, 0, 0, 0, 0, 0, 0, 12, 0, 0, 0, 0, 0], [0, 0, 0, 0, 0, 0, 13, 15, 16, 9, 0, 0, 0, 0, 0], [0, 0, 0, 0, 0, 0, 14, 2, 5, 0, 0, 0, 0, 0, 0], [0, 0, 0, 0, 0, 7, 8, 1, 0, 4, 0, 0, 0, 0, 0], [0, 0, 0, 0, 0, 0, 6, 3, 0, 0, 0, 0, 0, 0, 0], [0, 0, 0, 0, 18, 10, 20, 21, 0, 30, 0, 0, 0, 0, 0], [0, 0, 0, 0, 0, 11, 19, 22, 28, 25, 26, 0, 0, 0, 0], [0, 0, 0, 0, 0, 0, 17, 24, 23, 27, 0, 0, 0, 0, 0], [0, 0, 0, 0, 0, 0, 0, 0, 31, 0, 0, 0, 0, 0, 0], [0, 0, 0, 0, 0, 0, 0, 0, 32, 0, 33, 0, 0, 0, 0], [0, 0, 0, 0, 0, 0, 0, 0, 0, 0, 0, 0, 0, 0, 0], [0, 0, 0, 0, 0, 0, 0, 0, 0, 0, 0, 0, 0, 0, 0]]"
下载 (11),下载 (11).png,fb54ad6b998fd376135be94ac9195be5,"[[0, 0, 0, 0, 0, 0, 0, 0, 0, 0, 0, 0, 0, 0, 0], [0, 0, 0, 0, 0, 0, 0, 0, 0, 0, 0, 0, 0, 0, 0], [0, 0, 0, 0, 0, 0, 0, 0, 0, 0, 0, 0, 0, 0, 0], [0, 0, 0, 0, 0, 0, 0, 0, 0, 0, 0, 0, 0, 0, 0], [0, 0, 0, 0, 0, 0, 0, 0, 7, 0, 0, 0, 0, 0, 0], [0, 0, 0, 0, 0, 0, 0, 11, 0, 6, 8, 9, 0, 0, 0], [0, 0, 0, 0, 0, 0, 0, 0, 0, 13, 5, 0, 0, 0, 0], [0, 0, 0, 0, 0, 0, 0, 19, 4, 0, 1, 10, 3, 0, 0], [0, 0, 0, 0, 0, 0, 0, 16, 21, 14, 0, 20, 22, 0, 0], [0, 0, 0, 0, 0, 0, 0, 17, 18, 0, 0, 12, 0, 15, 0], [0, 0, 0, 0, 0, 0, 0, 0, 0, 0, 0, 0, 0, 0, 0], [0, 0, 0, 0, 0, 0, 0, 0, 0, 0, 0, 0, 0, 0, 0], [0, 0, 0, 0, 0, 0, 0, 0, 0, 0, 0, 0, 0, 0, 0], [0, 0, 0, 0, 0, 0, 0, 0, 0, 0, 0, 0, 0, 0, 0], [0, 0, 0, 0, 0, 0, 0, 0, 0, 0, 0, 0, 0, 0, 0]]"
